username,tweet,username_of_retweeter,hashtag,tweet created,number of followers,# following,label
,,,,,,,
carolinebenjami,"out next week!

@eleanorsegall's life was rocked by her #bipolardisorder diagnosis.

bring me to light is the true story of how she picked herself back up and turned things around in the name of #mentalhealthawareness

https://t.co/etdhr3lsnf https://t.co/yi0mct1tpo",triggercalm,"[{'text': 'bipolardisorder', 'indices': [72, 88]}]",2019-11-05 11:58:59+00:00,10,102,[]
,,,,,,,
JamGloom,"happy #bookbirthday to @eleanorsegall! üéâ

eleanor‚Äôs life was rocked by her #bipolardisorder diagnosis. this is the true story of how she picked herself back up and turned things around in the name of #mentalhealthawareness - and it‚Äôs out today! 

https://t.co/etdhr3lsnf https://t.co/gxyu8pm42s",triggercalm,"[{'text': 'bookbirthday', 'indices': [22, 35]}, {'text': 'bipolardisorder', 'indices': [91, 107]}]",2019-11-05 11:33:35+00:00,702,2968,[]
,,,,,,,
beurownlight,"happy #bookbirthday to @eleanorsegall! üéâ

eleanor‚Äôs life was rocked by her #bipolardisorder diagnosis. this is the true story of how she picked herself back up and turned things around in the name of #mentalhealthawareness - and it‚Äôs out today! 

https://t.co/etdhr3lsnf https://t.co/gxyu8pm42s",triggercalm,"[{'text': 'bookbirthday', 'indices': [22, 35]}, {'text': 'bipolardisorder', 'indices': [91, 107]}]",2019-11-05 11:28:35+00:00,9099,10012,[]
,,,,,,,
EleanorSegall,"happy #bookbirthday to @eleanorsegall! üéâ

eleanor‚Äôs life was rocked by her #bipolardisorder diagnosis. this is the true story of how she picked herself back up and turned things around in the name of #mentalhealthawareness - and it‚Äôs out today! 

https://t.co/etdhr3lsnf https://t.co/gxyu8pm42s",triggercalm,"[{'text': 'bookbirthday', 'indices': [22, 35]}, {'text': 'bipolardisorder', 'indices': [91, 107]}]",2019-11-05 11:06:52+00:00,17166,18878,[]
,,,,,,,
nishiokov,"since the dsm-5 was published,  1/3 of patients previously diagnosed w/ bipolar disorder no longer qualify as having the disorder. so what does this say about those who did meet the stricter criteria? https://t.co/fgwbvvpz7q 
@regionh @stanfordpsy @uthealthsa @mayoclinic @gwsmhs https://t.co/bhsegvze7c",PsychiatristCNS,[],2019-11-05 10:31:44+00:00,362,586,[]
,,,,,,,
FerrariJonez,i find it ironic that i went through years (like a decade y‚Äôall) of therapy and psychological evaluations... diagnosed as #bipolar #borderlinepersonalitydisorder #depresion and #anxiety ... only to come to #ifa and realize it wasn‚Äôt that.,no retweet username,[],2019-11-05 10:18:43+00:00,719,913,[]
,,,,,,,
Notarealguy1,"@whattheplucked @purplerainblue spoken like a true civilian, come work in my ward for a day and you will see the sickness evident in those people. alex jones is a great example. pardon my french but hes fucking insane. and a diagnosed bipolar schizophrenic.",no retweet username,[],2019-11-05 08:49:06+00:00,8,265,['diagnosed bipolar']
,,,,,,,
WoSoBri,"@notsoultracapo i suggest talking to an actual psychiatrist and seeing if you don't have depression,  but something else that would require different meds. i took antidepressants for a long time before finally being diagnosed with bipolar ii and getting meds that actually helped.",no retweet username,[],2019-11-05 08:35:18+00:00,936,2512,"['diagnosed with', 'diagnosed with bipolar']"
,,,,,,,
triggercalm,"happy #bookbirthday to @eleanorsegall! üéâ

eleanor‚Äôs life was rocked by her #bipolardisorder diagnosis. this is the true story of how she picked herself back up and turned things around in the name of #mentalhealthawareness - and it‚Äôs out today! 

https://t.co/etdhr3lsnf https://t.co/gxyu8pm42s",no retweet username,"[{'text': 'bookbirthday', 'indices': [6, 19]}, {'text': 'bipolardisorder', 'indices': [75, 91]}]",2019-11-05 06:22:34+00:00,7104,2288,[]
,,,,,,,
KamisaFreeman,i‚Äôve noticed there‚Äôs a lot of celebrities that have been diagnosed with bipolar disorder. what if their talents have some connection to their disorder somehow?,no retweet username,[],2019-11-05 05:14:25+00:00,2596,4227,"['diagnosed with', 'diagnosed with bipolar']"
,,,,,,,
liamjhorgan,"@nunezcit1 j#i know two diagnosed bipolar people - one is a libra, the sign of balance. she sees both sides of things with both of her personalities. the other is a gemini and, welp, her hair for a while was half black and half white, and geminis have two faces. coincidence? i think not üò≥",no retweet username,[],2019-11-05 05:05:03+00:00,206,497,['diagnosed bipolar']
,,,,,,,
coffeeandcreeps,"(for reference and context, i have been diagnosed over the years with bipolar 2, agoraphobia, ptsd, and most recently borderline personality disorder) üç®üå∏üç®üå∏üç®üå∏üç®üå∏",no retweet username,[],2019-11-05 04:27:37+00:00,163,371,[]
,,,,,,,
LisaSimpson24,@tjwhitfordnz it keeps him front and center so i doubt he cares. i mean when they first diagnosed sonny with bipolar they made a point of saying he shouldn‚Äôt mix his meds with alcohol and that lasted like 5 seconds.,no retweet username,[],2019-11-05 04:02:29+00:00,4635,3549,[]
,,,,,,,
boywithvmin,lmao i think im jus adhd not bipolar i luv being diagnosed wrong,no retweet username,[],2019-11-05 03:34:22+00:00,599,749,[]
,,,,,,,
WeRWorld,"true story, sad story, it was up for presale on amazon!! friends &amp; peers bought it but i went ‚Äònope, i can‚Äôt do this‚Äô &amp; literally ran away to australia to get away from it. since being diagnosed &amp; medicated for adhd &amp; bipolar, i actually think i might do it. just 5 years late",no retweet username,[],2019-11-05 02:30:50+00:00,2455,2462,[]
,,,,,,,
c409stone,"@cnn unless he had already been diagnosed as: autistic, bipolar, paranoid schizophrenic or having aspergers... then he‚Äôs competent to stand trial. he was competent enough to be in regular high school... so... what changed?! ü§∑üèæ‚Äç‚ôÇÔ∏è https://t.co/nob2xj3hdb",thebrothaj,[],2019-11-05 02:29:43+00:00,96,142,[]
,,,,,,,
GentlemanOfHats,"@yuval_navon2710 @angelisconfused @it_meirl_bot i'm diagnosed bipolar so if i just not eat so much and get out more i'd be doing better in both departments. although, thanks for asking.",no retweet username,[],2019-11-05 02:13:03+00:00,231,956,['diagnosed bipolar']
,,,,,,,
hvm1333,"well doc diagnosed me bipolar,thats explains alot about meü§≠ maybe medical marijuana,not sure yet...off meds, none ever helpd my depession,etc sooo,  im think about it...ok see ya next month doc.",no retweet username,[],2019-11-05 01:32:21+00:00,2741,4997,[]
,,,,,,,
DakotaWagner6,"ronald braunstein, conductor and music director, was diagnosed with bipolar disorder in 1985. he wanted to create a space where, as his wife and co-founder caroline whiddon said, ‚Äúpeople like himself could make music without being judged.‚Äù",no retweet username,[],2019-11-05 00:45:00+00:00,2,30,"['diagnosed with', 'diagnosed with bipolar']"
,,,,,,,
URBANPULSE_NEWS,"robert olsen shot dead anthony hill, who had been diagnosed with bipolar disorder and ptsd, in 2015.

former dekalb police officer robert olsen stands during his arraignment in decatur, georgia

a former police officer in the state of georgia who  #bl https://t.co/gozpq9a9cx https://t.co/t3jnystur7",no retweet username,[],2019-11-05 00:33:44+00:00,443,1109,"['diagnosed with', 'diagnosed with bipolar']"
,,,,,,,
faria1976,"since the dsm-5 was published,  1/3 of patients previously diagnosed w/ bipolar disorder no longer qualify as having the disorder. so what does this say about those who did meet the stricter criteria? https://t.co/fgwbvvpz7q 
@regionh @stanfordpsy @uthealthsa @mayoclinic @gwsmhs https://t.co/bhsegvze7c",PsychiatristCNS,[],2019-11-05 00:00:31+00:00,143,230,[]
,,,,,,,
sunnylarue17,"@_bpdiaries_ @thebloggintribe https://t.co/pkcr2zxq5v
hello, i‚Äôm sunny larue blogger, writer, music lover, martini admirer &amp; diagnosed bipolar.
my writing is about self-discovery love &amp; loss inspired by real life events. 
here‚Äôs my new blog ‚Äúall mixed up.‚Äù feedback is welcome.
ty",no retweet username,[],2019-11-04 23:07:25+00:00,3678,4948,['diagnosed bipolar']
,,,,,,,
bingeiana,being diagnosed as bipolar is crazy. everyone either constantly waits for you to snap so they can ask ‚Äúare you taking your medicine?‚Äù or they simply pretend as if you never said it.,no retweet username,[],2019-11-04 22:02:43+00:00,163,142,[]
,,,,,,,
TerrestrialSlim,"@doomxbunnie i used to binge drink pretty bad before i was diagnosed with bipolar. i was lucky and got diagnosed young, but my friends thought my drinking was fun. if anyone had pointed it out to me, i would have been angry. point it out anyway.",no retweet username,[],2019-11-04 21:44:27+00:00,12,61,"['diagnosed with', 'got diagnosed', 'diagnosed with bipolar']"
,,,,,,,
Lord_Willivm,@prlmordial makes me people ‚Äúbetter‚Äù i was diagnosed bipolar at 15 and ain‚Äôt shit really relaxed me but weed. it is what it is,no retweet username,[],2019-11-04 21:28:28+00:00,307,353,['diagnosed bipolar']
,,,,,,,
sunnylarue17,"@indianbloggrs @thebloglists https://t.co/pkcr2zxq5v
hello, i‚Äôm sunny larue blogger, writer, music lover, martini admirer &amp; diagnosed bipolar.
my writing is about self-discovery love &amp; loss inspired by real life events. 
here‚Äôs my new blog ‚Äúall mixed up.‚Äù feedback is welcome.
ty",no retweet username,[],2019-11-04 21:19:19+00:00,3678,4948,['diagnosed bipolar']
,,,,,,,
hopeb4change,"@knolesmichael i am glad you are feeling better. 

question- where you diagnosed with bipolar disorder?",no retweet username,[],2019-11-04 21:04:25+00:00,6145,6600,"['diagnosed with', 'diagnosed with bipolar']"
,,,,,,,
thebrothaj,"@cnn unless he had already been diagnosed as: autistic, bipolar, paranoid schizophrenic or having aspergers... then he‚Äôs competent to stand trial. he was competent enough to be in regular high school... so... what changed?! ü§∑üèæ‚Äç‚ôÇÔ∏è https://t.co/nob2xj3hdb",no retweet username,[],2019-11-04 21:02:23+00:00,107,287,[]
,,,,,,,
MarkBuckawicki,‚Äúbitch‚Äù by meredith brooks is my favorite song about driving to the psychiatrist‚Äôs office to get diagnosed with bipolar ii,glamoureptile,[],2019-11-04 20:55:54+00:00,9674,6531,"['diagnosed with', 'diagnosed with bipolar']"
,,,,,,,
Lcibelle,"since the dsm-5 was published,  1/3 of patients previously diagnosed w/ bipolar disorder no longer qualify as having the disorder. so what does this say about those who did meet the stricter criteria? https://t.co/fgwbvvpz7q 
@regionh @stanfordpsy @uthealthsa @mayoclinic @gwsmhs https://t.co/bhsegvze7c",PsychiatristCNS,[],2019-11-04 20:20:35+00:00,5274,2029,[]
,,,,,,,
scottieXR,"@drpeppertwo no, i don't hate his music at all. i love kanye. but he has diagnosed bipolar with paranoia (circa 2018). and hyperreligiosity is linked to bipolar and schizoaffective disorder per the dsm. he is exhibiting classic signs of mania rather than a religious conversion. just facts.",no retweet username,[],2019-11-04 19:59:08+00:00,197,749,['diagnosed bipolar']
,,,,,,,
sunnylarue17,"@thebloggintribe https://t.co/pkcr2zxq5v
hello, i‚Äôm sunny larue blogger, writer, music lover, martini admirer &amp; diagnosed bipolar.
my writing is about self-discovery love &amp; loss inspired by real life events. 
here‚Äôs my new blog ‚Äúall mixed up.‚Äù feedback is welcome.
thank you",no retweet username,[],2019-11-04 19:57:53+00:00,3678,4948,['diagnosed bipolar']
,,,,,,,
sedatbatmaz,"since the dsm-5 was published,  1/3 of patients previously diagnosed w/ bipolar disorder no longer qualify as having the disorder. so what does this say about those who did meet the stricter criteria? https://t.co/fgwbvvpz7q 
@regionh @stanfordpsy @uthealthsa @mayoclinic @gwsmhs https://t.co/bhsegvze7c",PsychiatristCNS,[],2019-11-04 19:49:33+00:00,567,1908,[]
,,,,,,,
twlrop,"since the dsm-5 was published,  1/3 of patients previously diagnosed w/ bipolar disorder no longer qualify as having the disorder. so what does this say about those who did meet the stricter criteria? https://t.co/fgwbvvpz7q 
@regionh @stanfordpsy @uthealthsa @mayoclinic @gwsmhs https://t.co/bhsegvze7c",PsychiatristCNS,[],2019-11-04 19:44:49+00:00,654,457,[]
,,,,,,,
twictitious,"@thefaerth i was misdiagnosed as bipolar early in my twenties. i read up on it, but it never really fit me. but i believed my shrink, and thought mine was maybe a case of bipolar and adhd acting together. then i learned about bpd, and it was a perfect fit. i was later diagnosed with that.",no retweet username,[],2019-11-04 19:42:33+00:00,1096,1274,['diagnosed with']
,,,,,,,
LauraStMartin2,"@ambermeredith14 i've been diagnosed as schizophrenic, bipolar, antisocial personality disorder, borderline personality disorder, schizoaffective. all of it. i also have all kinds of developmental disabilities. this is not uncommon for people with autism, especially adult females.",no retweet username,[],2019-11-04 19:26:50+00:00,4225,4999,[]
,,,,,,,
Cahbombscustoms,@nfrealmusic man your music has saved my life...was diagnosed with bipolar 1 almost 25 years ago...your lyrics help me put things in perspective when my thoughts are too much to focus...please keep making music because it's more important to some than you'll ever know,no retweet username,[],2019-11-04 19:13:31+00:00,544,4914,"['diagnosed with', 'diagnosed with bipolar']"
,,,,,,,
hudlion,@moonyeyed yeah. for like 7 years i was diagnosed as bipolar. psychiatrists see what they want to see i think,no retweet username,[],2019-11-04 19:05:06+00:00,2062,4901,[]
,,,,,,,
KuntryKupcake27,@andy has @absolutelyquad been diagnosed with borderline personality disorder or bipolar disorder? #married2medicine #married2med,no retweet username,"[{'text': 'married2medicine', 'indices': [99, 116]}, {'text': 'Married2Med', 'indices': [117, 129]}]",2019-11-04 18:41:03+00:00,350,693,['diagnosed with']
,,,,,,,
theregoesrichie,‚Äúbitch‚Äù by meredith brooks is my favorite song about driving to the psychiatrist‚Äôs office to get diagnosed with bipolar ii,glamoureptile,[],2019-11-04 18:39:39+00:00,5225,1672,"['diagnosed with', 'diagnosed with bipolar']"
,,,,,,,
LyndaCamronByer,"nothing like a quiz at new docs confirming you really do have pretty severe depression and oh, yeah, anxiety. ugh.  ‚Äúwell, yeah, i was diagnosed bipolar when i was younger‚Äù...
thinking ‚Äúbut you grow out of that, right?‚Äù um, no. fuuuuuuuh...
#normalizedepression #oversharemonday",no retweet username,[],2019-11-04 18:34:25+00:00,128,323,['diagnosed bipolar']
,,,,,,,
Royal_Stein,‚Äúbitch‚Äù by meredith brooks is my favorite song about driving to the psychiatrist‚Äôs office to get diagnosed with bipolar ii,glamoureptile,[],2019-11-04 17:55:15+00:00,5912,3119,"['diagnosed with', 'diagnosed with bipolar']"
,,,,,,,
nova_Corpse,‚Äúbitch‚Äù by meredith brooks is my favorite song about driving to the psychiatrist‚Äôs office to get diagnosed with bipolar ii,glamoureptile,[],2019-11-04 17:53:17+00:00,4239,1493,"['diagnosed with', 'diagnosed with bipolar']"
,,,,,,,
Cycloptomese,‚Äúbitch‚Äù by meredith brooks is my favorite song about driving to the psychiatrist‚Äôs office to get diagnosed with bipolar ii,glamoureptile,[],2019-11-04 17:53:02+00:00,5921,3124,"['diagnosed with', 'diagnosed with bipolar']"
,,,,,,,
sunnylarue17,"@thebloggintribe https://t.co/pkcr2zxq5v
hello, i‚Äôm sunny larue blogger, writer, music lover, martini admirer &amp; diagnosed bipolar.
my writing is about self-discovery love &amp; loss inspired by real life events. 
here‚Äôs my new blog ‚Äúall mixed up.‚Äù feedback is welcome.
ty",no retweet username,[],2019-11-04 17:36:20+00:00,3678,4948,['diagnosed bipolar']
,,,,,,,
dp_moriarity,"since the dsm-5 was published,  1/3 of patients previously diagnosed w/ bipolar disorder no longer qualify as having the disorder. so what does this say about those who did meet the stricter criteria? https://t.co/fgwbvvpz7q 
@regionh @stanfordpsy @uthealthsa @mayoclinic @gwsmhs https://t.co/bhsegvze7c",PsychiatristCNS,[],2019-11-04 17:31:31+00:00,1597,842,[]
,,,,,,,
sunnylarue17,"@teacupclub_ https://t.co/pkcr2zxq5v
hello, i‚Äôm sunny larue blogger, writer, music lover, martini admirer &amp; diagnosed bipolar.
my writing is about self-discovery love &amp; loss inspired by real life events. 
here‚Äôs my new blog ‚Äúall mixed up.‚Äù feedback is welcome.
ty",no retweet username,[],2019-11-04 17:22:33+00:00,3678,4948,['diagnosed bipolar']
,,,,,,,
romae_alexia,@rachdabrat i don‚Äôt think she‚Äôs ‚Äúunpleasant‚Äù by choice....didn‚Äôt she say she was diagnosed with bipolar disorder?,no retweet username,[],2019-11-04 16:55:00+00:00,1195,898,"['diagnosed with', 'diagnosed with bipolar']"
,,,,,,,
mh_shelf,"@ambermeredith14 i was first diagnosed with schizo affective disorder, began taking meds for it before the doctors changed it to bipolar disorder and switched my meds. luckily they did it quickly enough that no real harm was done from taking the wrong meds i guess.",no retweet username,[],2019-11-04 16:42:24+00:00,259,473,['diagnosed with']
,,,,,,,
LostNTheAbyss,‚Äúbitch‚Äù by meredith brooks is my favorite song about driving to the psychiatrist‚Äôs office to get diagnosed with bipolar ii,glamoureptile,[],2019-11-04 16:38:30+00:00,11913,1976,"['diagnosed with', 'diagnosed with bipolar']"
,,,,,,,
notsoevilrick,‚Äúbitch‚Äù by meredith brooks is my favorite song about driving to the psychiatrist‚Äôs office to get diagnosed with bipolar ii,glamoureptile,[],2019-11-04 16:32:00+00:00,11033,4155,"['diagnosed with', 'diagnosed with bipolar']"
,,,,,,,
AlexieVallejo,"since the dsm-5 was published,  1/3 of patients previously diagnosed w/ bipolar disorder no longer qualify as having the disorder. so what does this say about those who did meet the stricter criteria? https://t.co/fgwbvvpz7q 
@regionh @stanfordpsy @uthealthsa @mayoclinic @gwsmhs https://t.co/bhsegvze7c",PsychiatristCNS,[],2019-11-04 16:25:43+00:00,272,228,[]
,,,,,,,
de_arangel,"there are other mental disorders that deal more with psychosis such as schizophrenia, bipolar disorder, etc. these are defined by behavioral patterns that relate to each mental disorder. these can only be diagnosed by behavior. there isn‚Äôt anything physical that can be detected.",no retweet username,[],2019-11-04 15:43:41+00:00,541,3,[]
,,,,,,,
sarcasmNchief,‚Äúbitch‚Äù by meredith brooks is my favorite song about driving to the psychiatrist‚Äôs office to get diagnosed with bipolar ii,glamoureptile,[],2019-11-04 15:40:52+00:00,2587,1958,"['diagnosed with', 'diagnosed with bipolar']"
,,,,,,,
portmanteauface,‚Äúbitch‚Äù by meredith brooks is my favorite song about driving to the psychiatrist‚Äôs office to get diagnosed with bipolar ii,glamoureptile,[],2019-11-04 15:38:03+00:00,13593,2803,"['diagnosed with', 'diagnosed with bipolar']"
,,,,,,,
SophiaKogan1,"since the dsm-5 was published,  1/3 of patients previously diagnosed w/ bipolar disorder no longer qualify as having the disorder. so what does this say about those who did meet the stricter criteria? https://t.co/fgwbvvpz7q 
@regionh @stanfordpsy @uthealthsa @mayoclinic @gwsmhs https://t.co/bhsegvze7c",PsychiatristCNS,[],2019-11-04 15:32:31+00:00,1266,1137,[]
,,,,,,,
auroraborelius,"since the dsm-5 was published,  1/3 of patients previously diagnosed w/ bipolar disorder no longer qualify as having the disorder. so what does this say about those who did meet the stricter criteria? https://t.co/fgwbvvpz7q 
@regionh @stanfordpsy @uthealthsa @mayoclinic @gwsmhs https://t.co/bhsegvze7c",PsychiatristCNS,[],2019-11-04 15:26:40+00:00,646,1563,[]
,,,,,,,
PsychiatristCNS,"since the dsm-5 was published,  1/3 of patients previously diagnosed w/ bipolar disorder no longer qualify as having the disorder. so what does this say about those who did meet the stricter criteria? https://t.co/fgwbvvpz7q 
@regionh @stanfordpsy @uthealthsa @mayoclinic @gwsmhs https://t.co/bhsegvze7c",no retweet username,[],2019-11-04 15:25:04+00:00,29468,4304,[]
,,,,,,,
MentalHRetweet,how to make sure your therapist or psychiatrist is a right fit for you #newdoctor #newdiagnosis #bipolar #misdiagnosis #mentalhealth #anxiousandrea https://t.co/ptstabnbpe https://t.co/m3o9oa6bkr,anxious_andrea,"[{'text': 'newdoctor', 'indices': [91, 101]}, {'text': 'newdiagnosis', 'indices': [102, 115]}, {'text': 'bipolar', 'indices': [116, 124]}, {'text': 'misdiagnosis', 'indices': [125, 138]}]",2019-11-04 15:15:22+00:00,5337,4,[]
,,,,,,,
anxious_andrea,how to make sure your therapist or psychiatrist is a right fit for you #newdoctor #newdiagnosis #bipolar #misdiagnosis #mentalhealth #anxiousandrea https://t.co/ptstabnbpe https://t.co/m3o9oa6bkr,no retweet username,"[{'text': 'newdoctor', 'indices': [71, 81]}, {'text': 'newdiagnosis', 'indices': [82, 95]}, {'text': 'bipolar', 'indices': [96, 104]}]",2019-11-04 15:14:11+00:00,107,130,[]
,,,,,,,
vicipsychcare,"you are more than your diagnosis. your diagnosis does not define you. i tell my patients, i treat symptoms not diagnoses. you are not the flu you have the flu. you are not bipolar you have bipolar. @schizophrenicny
#noshame #mentalhealth #mentalhealthawareness #reducethestigma https://t.co/pqa2iyet8w",no retweet username,[],2019-11-04 15:09:18+00:00,89,182,['have bipolar']
,,,,,,,
AndreyasAsylum,‚Äúbitch‚Äù by meredith brooks is my favorite song about driving to the psychiatrist‚Äôs office to get diagnosed with bipolar ii,glamoureptile,[],2019-11-04 14:35:17+00:00,10837,7894,"['diagnosed with', 'diagnosed with bipolar']"
,,,,,,,
LockWilford,‚Äúbitch‚Äù by meredith brooks is my favorite song about driving to the psychiatrist‚Äôs office to get diagnosed with bipolar ii,glamoureptile,[],2019-11-04 14:33:18+00:00,3603,2972,"['diagnosed with', 'diagnosed with bipolar']"
,,,,,,,
glamoureptile,‚Äúbitch‚Äù by meredith brooks is my favorite song about driving to the psychiatrist‚Äôs office to get diagnosed with bipolar ii,no retweet username,[],2019-11-04 14:33:07+00:00,14581,994,"['diagnosed with', 'diagnosed with bipolar']"
,,,,,,,
gingembre_calme,"no one is shamed for cancer, diabetes, or heart disease. likewise, no one should be shamed for bipolar disorder, depression, panic disorders, or schizophrenia. yet, being labeled with a mental illness insidiously stains everyone diagnosed.",DocAmen,[],2019-11-04 12:41:33+00:00,54,348,[]
,,,,,,,
HBCounselling,"this is an interesting article i found on: https://t.co/4wntbqumug
see credits below.

a mental illness diagnosis doesn‚Äôt mean you can‚Äôt date or make new friends.  #abipolar #aschizophrenic #anger #anxiety #bipolar #friends #relationships #schizophrenia # https://t.co/y0wxnqxxrp https://t.co/gqkvdk4nld",no retweet username,[],2019-11-04 09:42:15+00:00,673,634,[]
,,,,,,,
Claire_Mmuoe,"really great thread. when i was diagnosed with bipolar disorder ii, i couldn‚Äôt quite believe it, primarily because of these vast misconceptions that society has about bipolar disorder. https://t.co/dk0yng0pzn",Charli_Bone,[],2019-11-04 08:18:22+00:00,3520,5001,"['diagnosed with', 'diagnosed with bipolar']"
,,,,,,,
Charli_Bone,"really great thread. when i was diagnosed with bipolar disorder ii, i couldn‚Äôt quite believe it, primarily because of these vast misconceptions that society has about bipolar disorder. https://t.co/dk0yng0pzn",no retweet username,[],2019-11-04 08:03:08+00:00,8313,3281,"['diagnosed with', 'diagnosed with bipolar']"
,,,,,,,
obese_dyke,"self diagnosed with severe depression, anxiety, add, insomnia, ocd, antisocial personality disorder, ptsd, bipolar disorder, &amp; schizophrenia",no retweet username,[],2019-11-04 07:54:38+00:00,53,18,['diagnosed with']
,,,,,,,
trailoffears20,now you can get diagnosed with bipolar disorder and your rights put in jeopardy by an app instead of some sjw with a degree in gender studies. ü§ì https://t.co/gk2qpdcwf5,no retweet username,[],2019-11-04 07:40:26+00:00,610,2231,"['diagnosed with', 'diagnosed with bipolar']"
,,,,,,,
kloudbby,"i didn‚Äôt even consider the fact that i could be, but it‚Äôs been brought to my attention that i could possibly be bipolar.

my stepdad is making an appointment for me to see his psychiatrist to try and be diagnosed and medicated, and i feel so grateful.",no retweet username,[],2019-11-04 06:44:17+00:00,561,620,[]
,,,,,,,
joshualeeronin,"if you aren't diagnosed with bipolar, please don't claim it. if you're experiencing anything you think is abnormal, go get help immediately. rapid mood swings might be a symptom for other mood disorders, and only a proper diagnosis can help you establish a treatment plan. (11/12)",no retweet username,[],2019-11-04 06:34:06+00:00,11851,10994,"['diagnosed with', 'diagnosed with bipolar']"
,,,,,,,
joshualeeronin,"that's because a liar will claim the fake symptoms because that's how they (and everyone else) understand bipolar. this continues the vicious cycle. people truly diagnosed with bipolar, meanwhile, face ridicule or condemnation, exile, and judgment. (10/12)",no retweet username,[],2019-11-04 06:34:05+00:00,11851,10994,"['diagnosed with', 'diagnosed with bipolar']"
,,,,,,,
awesaamm_,"being diagnosed with bipolar disorder really is no joke, because you never know when you‚Äôre going to go into isolation from the world or completely breakdown and have an episode.",no retweet username,[],2019-11-04 04:02:19+00:00,395,368,"['diagnosed with', 'diagnosed with bipolar']"
,,,,,,,
Courtoly,@a_h_reaume thank you. it‚Äôs been five years since my accident and i still don‚Äôt really understand the effects of the tbi bc losing my sense of smell overshadows all the mood stuff (that drs write off as bipolar disorder i was already diagnosed with),no retweet username,[],2019-11-04 00:54:40+00:00,954,1168,['diagnosed with']
,,,,,,,
jas_kasalova,"years of depression and anxiety - finally diagnosed with bipolar 2 disorder - medication merry go round for years - many difficult times along the way.
....turns out i just had a rock in my shoe the whole time. it's all good now.",no retweet username,[],2019-11-04 00:30:59+00:00,837,1425,"['diagnosed with', 'diagnosed with bipolar']"
,,,,,,,
momentoftru,@aves_fave deadass. mad bashful and anxious. i have social anxiety disorder. diagnosed and everything. bipolar disorder. did. i‚Äôm a mess.,no retweet username,[],2019-11-04 00:22:58+00:00,2309,1114,[]
,,,,,,,
KillCo77143,"@bipolaruk @stephenfry @thetonyslattery @livewithluyando @april__kelley @julietteburton @annagracemylif1 i suddenly wish i was in the uk... i was diagnosed as bipolar 2 nearly a decade ago. thankfully medical cannabis has helped me regain some control of my life, but it's been a very difficult road. @stephenfry sharing his own story has helped me live with my own issues. &lt;3",no retweet username,[],2019-11-04 00:08:49+00:00,80,216,[]
,,,,,,,
Sblahov,"@sblahov yeah... i don‚Äôt feel a part of the disability community most days. i have chronic migraines, depression and anxiety, ptsd, and have been diagnosed with bipolar disorder. /1",marymba,[],2019-11-04 00:02:28+00:00,9566,1490,"['diagnosed with', 'diagnosed with bipolar']"
,,,,,,,
marymba,"@sblahov yeah... i don‚Äôt feel a part of the disability community most days. i have chronic migraines, depression and anxiety, ptsd, and have been diagnosed with bipolar disorder. /1",no retweet username,[],2019-11-03 23:58:20+00:00,244,416,"['diagnosed with', 'diagnosed with bipolar']"
,,,,,,,
gingerlyblushed,i used to have a boyfriend who was diagnosed with bipolar ii disorder. sometimes he got very flirty and caring. sometimes he acted cold and quiet. sometimes we were totally strangers. it took me some time to figure out about this (he told me). and then i understand.,no retweet username,[],2019-11-03 23:46:21+00:00,43,110,"['diagnosed with', 'diagnosed with bipolar']"
,,,,,,,
rwillowfish,"patient engages for a time, then withdraws, at times angry, aggressive. periods of staring off, perhaps delusions. #bipolar 1, #bpd. start quetiapine 300 pm, lithium 600 pm, lorazepam 1mg prn. #psychiatry #diagnosis https://t.co/alygkxujhp",no retweet username,[],2019-11-03 21:27:06+00:00,2300,3368,[]
,,,,,,,
SurvivingMy,"my npd mother has been trying to get me diagnosed with every mental illness under the sun since childhood, bipolar, bpd, histrionic, schizophrenia the works",no retweet username,[],2019-11-03 21:20:32+00:00,0,0,['diagnosed with']
,,,,,,,
nkedaudiologist,@claudelittner i‚Äôm surprised you gave that muppet the time of day to respond. i‚Äôm a soon to be 41yr old man who was diagnosed bipolar type 2 just twelve months ago after 22yrs without knowing. starting again now. people like you claude are an inspiration.,no retweet username,[],2019-11-03 20:34:02+00:00,54,189,['diagnosed bipolar']
,,,,,,,
DoctorWhat1983,@please_b_nice my account is up to 777 followers and i‚Äôm an unknown director that‚Äôs been diagnosed with severe bipolar disorder. watch my manic behavior in this video. does this remind you of a certain infamous recent dc comics theatrical release? https://t.co/0laqyavekh,no retweet username,[],2019-11-03 17:55:10+00:00,820,4998,['diagnosed with']
,,,,,,,
amysed1,"well, mine is diagnosed bipolar disorder so i use it to my advantage whenever possible üòé https://t.co/j4gl56it8u",no retweet username,[],2019-11-03 17:07:01+00:00,8008,5297,['diagnosed bipolar']
,,,,,,,
JohnCeeeeee,"15) five years ago, i was diagnosed with major depressive disorder and it was the one of biggest things that ever happened in my life but ever since, i knew i was healing

little did i know that earlier this year would i be diagnosed with bipolar i disorder and boi auq na ksksksk",no retweet username,[],2019-11-03 16:35:08+00:00,2931,1372,"['diagnosed with', 'diagnosed with', 'diagnosed with bipolar']"
,,,,,,,
EmilianoLincoln,"they don't, at least most never will. they will grow up depressed, angry, anxiety-ridden, violent. they will be diagnosed with reactive attachment disorder, bipolar disorder, etc. 

and it will be easy to find the time and place and reason they were radicalized. https://t.co/evv35qfiqs",no retweet username,[],2019-11-03 16:21:09+00:00,1751,3607,['diagnosed with']
,,,,,,,
heectoryanuk,"@iama_prodigy @dimz_i_am what do you mean by this year gave you bipolar disorder? or you were diagnosed with it this year,because it's been there all along if the diagnosis is right.",no retweet username,[],2019-11-03 15:54:52+00:00,462,614,['diagnosed with']
,,,,,,,
a_lossfor,"@vigdisdammyr i am also diagnosed with bipolar type 1. i thought i had borderline personality disorder coupled with schizophrenia, but i they tell me no. it's nice to have an official diagnosis. i'm getting a psych evaluation as well but i'm on a 6 month waiting list.",no retweet username,[],2019-11-03 13:57:48+00:00,3729,4761,"['diagnosed with', 'diagnosed with bipolar']"
,,,,,,,
useobwasarangha,"@armywola at the moment, i think i'm ok? as in ""i'm not depressed and i don't want to die"" ok. but i don't think that i'm normal? like how it should be? i started to believe i could be bipolar and currently having mania episode because i check all the boxes, but i haven't been diagnosed-",no retweet username,[],2019-11-03 11:28:29+00:00,193,2238,[]
,,,,,,,
taffyvelvet,ik im outdated but yuk ji dam diagnosed with bipolar disorder? questions answered ://,no retweet username,[],2019-11-03 09:30:23+00:00,116,75,"['diagnosed with', 'diagnosed with bipolar']"
,,,,,,,
VALKYR1SM,"i've got bipolar type 2 which i was diagnosed at age 18 and i'm still trying to work it all out.

i'm a pharmacy technician and i work a lot so please be patient with me and my replies!

hmmm! i'm also very friendly so please drop by my dms!",no retweet username,[],2019-11-03 07:04:38+00:00,90,68,[]
,,,,,,,
Chromorbid,@ammnontet ive got that and diagnosed bipolar disorder so theyre on some shit,no retweet username,[],2019-11-03 06:24:54+00:00,321,1030,['diagnosed bipolar']
,,,,,,,
EqualiSource,"elizabeth manley, canadian figure skater, diagnosed #bipolar",no retweet username,"[{'text': 'bipolar', 'indices': [52, 60]}]",2019-11-03 04:00:00+00:00,11985,9040,[]
,,,,,,,
smuckers64,"on ye, kanye cops with his recent bipolar diagnosis. we see kanye become a more holistic individual through a 3-1-3 structure:

first 3 songs: frightened by the troubled side of himself
wouldn't leave: moved by his wife's love
final 3 songs: accepting of his troubled side https://t.co/plvukbft5i",KanyePodcast,[],2019-11-03 03:55:58+00:00,191,273,['bipolar diagnosis']
,,,,,,,
obese_dyke,"self diagnosed with severe depression, anxiety, add, insomnia, ocd, antisocial personality disorder, ptsd, bipolar disorder, &amp; schizophrenia",no retweet username,[],2019-11-03 03:24:40+00:00,53,18,['diagnosed with']
,,,,,,,
BobbiLinn,"@moongirl7117 @vivabuck @christianpena_ @talbertswan finally....bipolar disorder diagnosis has become almost as popular as adhd in recent years. it's the new ""fad"". doctors who do not specialize in bpd often diagnose people within minutes without a full workup. in an age where doctors are at the mercy of insurance companies to push https://t.co/fvcvv2w7nq",no retweet username,[],2019-11-03 02:56:26+00:00,575,1035,[]
,,,,,,,
Bree__you,"i think i‚Äôm diagnosed with bipolarüò≠üò≠ just cussed my bf out, fought him &amp; in less then 10 mins i‚Äôm back under him",no retweet username,[],2019-11-03 02:25:59+00:00,1462,1186,['diagnosed with']
,,,,,,,
prince_david,@matt_stewart4 @sophnar0747 yeah indeed. but it's such a challenge even just seeking help is tough then it will take a while to progress. i hate having to blame mental health for my own financial issues but my finances are shit due to bipolar disorder. i wasn't diagnosed until this year in my 30s.,no retweet username,[],2019-11-03 02:04:23+00:00,1164,3824,[]
,,,,,,,
kaylashonest,"bad car accident,made me depressed,started smoking squares, hospitalized for two weeks , diagnosed with bipolar, withdrew from classes last year, had multiple situations where i put myself in danger, but i‚Äôm still here (and in classes for my bsn)pics taken days after my accident https://t.co/iitopip7pu https://t.co/um0kgs1usc",no retweet username,[],2019-12-05 11:56:33+00:00,778,746,"['diagnosed with', 'diagnosed with bipolar']"
,,,,,,,
Lauren_987,@sectioned_ i used to say i had a nervous breakdown. it was useful because people vaguely got what i meant and that it was a catastrophic collapse into madness rather than a minor difficulty. it seemed less harsh than 'mental illness'. no-one i knew knew what bipolar was when i was diagnosed,no retweet username,[],2019-12-05 11:18:38+00:00,1377,1865,[]
,,,,,,,
breederoffilth,"severe depression.
severe anxiety.
schizophrenia.
bipolar / bipolar depression.
multiple personality disorder.
homicidal ideation.
anger issues.
ocd.
 
yes diagnosed with all that and then some.

along with my addictive personality üò´ i personally believe i may also have ptsd",no retweet username,[],2019-12-05 10:18:46+00:00,5716,856,['diagnosed with']
,,,,,,,
CraigBurman91,"@eolasinntinn hi stephanie, i'm looking for men diagnosed with bipolar disorder to take part in a study about their experiences (using photo-elicitation and ipa). i wondered if you might help me spread the word by sharing my study advert? please see pinned tweet - many thanks!",no retweet username,[],2019-12-05 09:57:23+00:00,182,957,"['diagnosed with', 'diagnosed with bipolar']"
,,,,,,,
ursulaphilpot,"""... individuals with asd may be at increased risk for clinically diagnosed depression, anxiety, and bipolar disorder compared with age- and sex-matched referents"" https://t.co/dydxkr1tgs autistic features might be a core issue... https://t.co/x8vb7jkupp",PaulWhiteleyPhD,[],2019-12-05 09:41:50+00:00,1610,330,[]
,,,,,,,
AmIamtikaiam,also the phrases ‚Äúi have anxiety‚Äù or ‚Äúi‚Äôm bipolar‚Äù pls n thanks. unless you‚Äôve actually been diagnosed with either one of those disorders,no retweet username,[],2019-12-05 08:29:56+00:00,400,266,['diagnosed with']
,,,,,,,
SailormanBooks,#bipolar #mentalhealth  i was just diagnosed with bipolar. as always i‚Äôm going to hit the books. recommendations for most helpful/best choices please?,theliteraryword,"[{'text': 'bipolar', 'indices': [21, 29]}, {'text': 'mentalhealth', 'indices': [30, 43]}]",2019-12-05 07:49:42+00:00,8220,7561,"['diagnosed with', 'diagnosed with bipolar']"
,,,,,,,
RollingInATire,"@ajjtheband was my top band of the year/decade, makes sense because this fits the timeline of me being diagnosed with depression and bipolar disorder. #spotifywrapped https://t.co/2lhn8btskn",no retweet username,[],2019-12-05 07:49:12+00:00,173,916,['diagnosed with']
,,,,,,,
Clouvas,"@millerheighife i think your bipolar disorder is a higher priority for treatment because you're more likely to harm yourself if that goes untreated, but if you wind up getting diagnosed with adhd just remember there are non-stimulant medications for it like clonidine.",no retweet username,[],2019-12-05 07:14:35+00:00,141,335,"['getting diagnosed', 'diagnosed with']"
,,,,,,,
OfChaoticMania,"@thatsouthsider ""it's complicated. i've been bullied all my life. my parents are alcoholics and like to abuse me. i've been hospitalized because of it. i've been in and out of psych wards..."" her eyes started to tear up ""i've been diagnosed with bipolar and depression... i just want it to stop.""",no retweet username,[],2019-12-05 06:55:11+00:00,139,304,"['diagnosed with', 'diagnosed with bipolar']"
,,,,,,,
kwiksaand,@kyleekym it especially offends me as a person with type i bipolar... which cannot be self diagnosed by the very deceptive and confusing nature of the symptoms. most ppl like me had *no idea* we‚Äôre type i bipolar until seeing a professional,no retweet username,[],2019-12-05 06:51:21+00:00,142,379,[]
,,,,,,,
ahhhhhhhbee,"summer 2018, dealing with getting dumped for the first time, feeling used and gross, relapsed with suicidal ideation while in one of the longest depressive episodes i've had since diagnosed bipolar, started therapy again after i had a breakdown at my job... and i was still hot https://t.co/sqgdzf21fl https://t.co/azmfblidph",no retweet username,[],2019-12-05 06:39:09+00:00,430,296,['diagnosed bipolar']
,,,,,,,
bigdaddytaz71,"@djbritstar for as much joy and happiness you have brought me, i will always be here for you. i also am diagnosed manic depression, anxiety, bipolar, and ptsd. so i can understand what you go through. much love and positivity to you gorgeous queen üòç üíñüòòüåπ üëë",no retweet username,[],2019-12-05 06:33:28+00:00,243,156,['am diagnosed']
,,,,,,,
MilanGlossy,"sexually assaulted, failed all my classes, kicked out of nsu, diagnosed with bipolar depression,  crying myself to sleep every night, 2019 been the worst year of my life, but i‚Äôm still here https://t.co/rzisqahijf https://t.co/i1ydwk0jmt",OGTrillaLaces,[],2019-12-05 06:13:00+00:00,229,90,"['diagnosed with', 'diagnosed with bipolar']"
,,,,,,,
jaylencherie,"sexually assaulted, failed all my classes, kicked out of nsu, diagnosed with bipolar depression,  crying myself to sleep every night, 2019 been the worst year of my life, but i‚Äôm still here https://t.co/rzisqahijf https://t.co/i1ydwk0jmt",OGTrillaLaces,[],2019-12-05 04:47:32+00:00,944,439,"['diagnosed with', 'diagnosed with bipolar']"
,,,,,,,
itsjustjaylaX,"sexually assaulted, failed all my classes, kicked out of nsu, diagnosed with bipolar depression,  crying myself to sleep every night, 2019 been the worst year of my life, but i‚Äôm still here https://t.co/rzisqahijf https://t.co/i1ydwk0jmt",OGTrillaLaces,[],2019-12-05 04:35:01+00:00,1145,297,"['diagnosed with', 'diagnosed with bipolar']"
,,,,,,,
angelxemoji,"trigger warning!!! 

these were from 2014. i‚Äôd just been diagnosed with bipolar and borderline personality disorder. wasn‚Äôt eating and self harming really bad and these photos were taken shortly before i nearly died in hospital from an overdose. https://t.co/xgxhrbkvwl https://t.co/1ppcbhotlj",no retweet username,[],2019-12-05 04:31:35+00:00,9105,2197,"['diagnosed with', 'diagnosed with bipolar']"
,,,,,,,
PINK_KushBlowin,"sexually assaulted, failed all my classes, kicked out of nsu, diagnosed with bipolar depression,  crying myself to sleep every night, 2019 been the worst year of my life, but i‚Äôm still here https://t.co/rzisqahijf https://t.co/i1ydwk0jmt",OGTrillaLaces,[],2019-12-05 04:16:25+00:00,1430,951,"['diagnosed with', 'diagnosed with bipolar']"
,,,,,,,
obese_dyke,"self diagnosed with severe depression, anxiety, add, insomnia, ocd, antisocial personality disorder, ptsd, bipolar disorder, &amp; schizophrenia",no retweet username,[],2019-12-05 03:54:39+00:00,53,18,['diagnosed with']
,,,,,,,
endIesssbummer,the first picture was a taken a week after i was kicked out for being a lesbian after accidentally outing myself. second picture was taken a week after i was diagnosed with bipolar disorder. i just realized i‚Äôm wearing the same button up. https://t.co/wfpl7ftf0m https://t.co/neyanarvrr,no retweet username,[],2019-12-05 03:49:08+00:00,228,200,"['diagnosed with', 'diagnosed with bipolar']"
,,,,,,,
marketableskill,why look at my spotify decade in review when i could just make a timeline of all the psychiatric meds i took from 2010-2018 before being properly diagnosed with bipolar ii,no retweet username,[],2019-12-05 03:38:28+00:00,1207,651,"['diagnosed with', 'diagnosed with bipolar']"
,,,,,,,
Mhmm_ThatsNice,"sexually assaulted, failed all my classes, kicked out of nsu, diagnosed with bipolar depression,  crying myself to sleep every night, 2019 been the worst year of my life, but i‚Äôm still here https://t.co/rzisqahijf https://t.co/i1ydwk0jmt",OGTrillaLaces,[],2019-12-05 03:30:24+00:00,694,431,"['diagnosed with', 'diagnosed with bipolar']"
,,,,,,,
jai_baby21,"sexually assaulted, failed all my classes, kicked out of nsu, diagnosed with bipolar depression,  crying myself to sleep every night, 2019 been the worst year of my life, but i‚Äôm still here https://t.co/rzisqahijf https://t.co/i1ydwk0jmt",OGTrillaLaces,[],2019-12-05 03:18:47+00:00,2523,2040,"['diagnosed with', 'diagnosed with bipolar']"
,,,,,,,
_itsjstnae,"sexually assaulted, failed all my classes, kicked out of nsu, diagnosed with bipolar depression,  crying myself to sleep every night, 2019 been the worst year of my life, but i‚Äôm still here https://t.co/rzisqahijf https://t.co/i1ydwk0jmt",OGTrillaLaces,[],2019-12-05 02:29:45+00:00,461,343,"['diagnosed with', 'diagnosed with bipolar']"
,,,,,,,
haytay_,"sexually assaulted, failed all my classes, kicked out of nsu, diagnosed with bipolar depression,  crying myself to sleep every night, 2019 been the worst year of my life, but i‚Äôm still here https://t.co/rzisqahijf https://t.co/i1ydwk0jmt",OGTrillaLaces,[],2019-12-05 02:29:11+00:00,109,105,"['diagnosed with', 'diagnosed with bipolar']"
,,,,,,,
ariellegarcia,i was just diagnosed with bipolar disorder a month before and i wasn‚Äôt taking care of my mental health. i was severely depressed and unknowingly in a manic state. https://t.co/8nzesxfeor https://t.co/ctwofjgejg,no retweet username,[],2019-12-05 02:26:24+00:00,581,547,"['diagnosed with', 'diagnosed with bipolar']"
,,,,,,,
DocHerceg,"study of 18,740 medicare beneficiaries found that odds of dementia diagnosis are significantly greater for beneficiaries diagnosed with schizophrenia, bipolar, or major depressive disorder.

brain bank worthy? or not if not ‚Äúsports related‚Äù dementia? https://t.co/suwp81bjlu",no retweet username,[],2019-12-05 01:32:05+00:00,2807,115,['diagnosed with']
,,,,,,,
Penguingonemad,"@drkathryngordon bradley cooper's character struggles with bipolar disorder in the film, but many people think that jennifer lawrence's character has bpd (although i don't recall it being diagnosed)",no retweet username,[],2019-12-05 01:26:18+00:00,932,854,[]
,,,,,,,
Winter50097681,i should have someone advocating for me due to being diagnosed with schzoeffective and schizophrenia general disorder and bipolar 1 and 2 disorder and my mother isn‚Äôt stable and my father is famous and y‚Äôall didn‚Äôt connect me at all with services for kids who have living parents,no retweet username,[],2019-12-05 01:21:09+00:00,7,158,['diagnosed with']
,,,,,,,
MsBookNerd23,almost 1 year 8 months since i was diagnosed with bipolar 1.  each day i‚Äôm reminded of how positive people were for me. i‚Äôm so glad i had lots of great advocates.  i‚Äôm especially thankful for my 3 boys who always help me see the good in things.  i‚Äôm thankful for my fianc√©e too! https://t.co/tp8izbwkyp,no retweet username,[],2019-12-05 00:58:53+00:00,631,1646,"['diagnosed with', 'diagnosed with bipolar']"
,,,,,,,
bevtoonas,"sexually assaulted, failed all my classes, kicked out of nsu, diagnosed with bipolar depression,  crying myself to sleep every night, 2019 been the worst year of my life, but i‚Äôm still here https://t.co/rzisqahijf https://t.co/i1ydwk0jmt",OGTrillaLaces,[],2019-12-05 00:52:30+00:00,328,322,"['diagnosed with', 'diagnosed with bipolar']"
,,,,,,,
5riuss,"sexually assaulted, failed all my classes, kicked out of nsu, diagnosed with bipolar depression,  crying myself to sleep every night, 2019 been the worst year of my life, but i‚Äôm still here https://t.co/rzisqahijf https://t.co/i1ydwk0jmt",OGTrillaLaces,[],2019-12-05 00:44:41+00:00,972,564,"['diagnosed with', 'diagnosed with bipolar']"
,,,,,,,
1CH64,"sexually assaulted, failed all my classes, kicked out of nsu, diagnosed with bipolar depression,  crying myself to sleep every night, 2019 been the worst year of my life, but i‚Äôm still here https://t.co/rzisqahijf https://t.co/i1ydwk0jmt",OGTrillaLaces,[],2019-12-05 00:43:58+00:00,3915,3902,"['diagnosed with', 'diagnosed with bipolar']"
,,,,,,,
CallRodriguez,"sexually assaulted, failed all my classes, kicked out of nsu, diagnosed with bipolar depression,  crying myself to sleep every night, 2019 been the worst year of my life, but i‚Äôm still here https://t.co/rzisqahijf https://t.co/i1ydwk0jmt",OGTrillaLaces,[],2019-12-05 00:36:10+00:00,1003,906,"['diagnosed with', 'diagnosed with bipolar']"
,,,,,,,
EvChris_,"sexually assaulted, failed all my classes, kicked out of nsu, diagnosed with bipolar depression,  crying myself to sleep every night, 2019 been the worst year of my life, but i‚Äôm still here https://t.co/rzisqahijf https://t.co/i1ydwk0jmt",OGTrillaLaces,[],2019-12-05 00:19:59+00:00,999,834,"['diagnosed with', 'diagnosed with bipolar']"
,,,,,,,
yesimundoo,started 2019 out in the psych ward where i was diagnosed bipolar... spent the year trying to find the right med cocktail to keep my moods stable and feel less zombie-like and that‚Äôs okay. i‚Äôm lucky to have parents that let me move back home and get better + save $$ &amp; move forward,amberdiscko,[],2019-12-05 00:14:29+00:00,322,307,['diagnosed bipolar']
,,,,,,,
lvxrynn,"sexually assaulted, failed all my classes, kicked out of nsu, diagnosed with bipolar depression,  crying myself to sleep every night, 2019 been the worst year of my life, but i‚Äôm still here https://t.co/rzisqahijf https://t.co/i1ydwk0jmt",OGTrillaLaces,[],2019-12-05 00:13:37+00:00,614,451,"['diagnosed with', 'diagnosed with bipolar']"
,,,,,,,
takayla_a,"sexually assaulted, failed all my classes, kicked out of nsu, diagnosed with bipolar depression,  crying myself to sleep every night, 2019 been the worst year of my life, but i‚Äôm still here https://t.co/rzisqahijf https://t.co/i1ydwk0jmt",OGTrillaLaces,[],2019-12-05 00:13:36+00:00,2295,949,"['diagnosed with', 'diagnosed with bipolar']"
,,,,,,,
Bre_Marie94,do y‚Äôall actually know the criteria to be formally diagnosed with bipolar disorder?! y‚Äôall really just be throwing a false diagnosis around like water based on what you think it is! we need to get y‚Äôall a dsm-v!üòí,no retweet username,[],2019-12-05 00:09:44+00:00,827,645,"['diagnosed with', 'diagnosed with bipolar']"
,,,,,,,
_BEJH_,"sexually assaulted, failed all my classes, kicked out of nsu, diagnosed with bipolar depression,  crying myself to sleep every night, 2019 been the worst year of my life, but i‚Äôm still here https://t.co/rzisqahijf https://t.co/i1ydwk0jmt",OGTrillaLaces,[],2019-12-05 00:00:19+00:00,1026,1149,"['diagnosed with', 'diagnosed with bipolar']"
,,,,,,,
Jevonnnee,"sexually assaulted, failed all my classes, kicked out of nsu, diagnosed with bipolar depression,  crying myself to sleep every night, 2019 been the worst year of my life, but i‚Äôm still here https://t.co/rzisqahijf https://t.co/i1ydwk0jmt",OGTrillaLaces,[],2019-12-04 23:46:14+00:00,492,301,"['diagnosed with', 'diagnosed with bipolar']"
,,,,,,,
somanygrackles,"i tried explaining to someone who speaks english as a second language that i was diagnosed bipolar and he said, ""yes, i know, because of your haircut."" ü§£ #mentalhealth",no retweet username,[],2019-12-04 23:05:33+00:00,449,1751,['diagnosed bipolar']
,,,,,,,
RespectMyBlk,"sexually assaulted, failed all my classes, kicked out of nsu, diagnosed with bipolar depression,  crying myself to sleep every night, 2019 been the worst year of my life, but i‚Äôm still here https://t.co/rzisqahijf https://t.co/i1ydwk0jmt",OGTrillaLaces,[],2019-12-04 22:57:20+00:00,623,394,"['diagnosed with', 'diagnosed with bipolar']"
,,,,,,,
Slimming365,"sexually assaulted, failed all my classes, kicked out of nsu, diagnosed with bipolar depression,  crying myself to sleep every night, 2019 been the worst year of my life, but i‚Äôm still here https://t.co/rzisqahijf https://t.co/i1ydwk0jmt",OGTrillaLaces,[],2019-12-04 22:28:17+00:00,809,799,"['diagnosed with', 'diagnosed with bipolar']"
,,,,,,,
miameamiah,"sexually assaulted, failed all my classes, kicked out of nsu, diagnosed with bipolar depression,  crying myself to sleep every night, 2019 been the worst year of my life, but i‚Äôm still here https://t.co/rzisqahijf https://t.co/i1ydwk0jmt",OGTrillaLaces,[],2019-12-04 22:05:33+00:00,560,477,"['diagnosed with', 'diagnosed with bipolar']"
,,,,,,,
destanii_x,"diagnosed with bipolar disorder. attempted to commit suicide multiple times. sexually assaulted, crying everyday, been clean from cutting for 4 months now....2019 might‚Äôve been one of the worse years of my life but i‚Äôm still hereüíõ check on your ‚Äústrong‚Äù friends. https://t.co/cnsq1lze2i https://t.co/ch75htl2oe",no retweet username,[],2019-12-04 22:01:17+00:00,467,332,"['diagnosed with', 'diagnosed with bipolar']"
,,,,,,,
NSU20sum,"sexually assaulted, failed all my classes, kicked out of nsu, diagnosed with bipolar depression,  crying myself to sleep every night, 2019 been the worst year of my life, but i‚Äôm still here https://t.co/rzisqahijf https://t.co/i1ydwk0jmt",OGTrillaLaces,[],2019-12-04 21:58:58+00:00,1360,1224,"['diagnosed with', 'diagnosed with bipolar']"
,,,,,,,
rareblasiaan,"sexually assaulted, failed all my classes, kicked out of nsu, diagnosed with bipolar depression,  crying myself to sleep every night, 2019 been the worst year of my life, but i‚Äôm still here https://t.co/rzisqahijf https://t.co/i1ydwk0jmt",OGTrillaLaces,[],2019-12-04 21:54:25+00:00,6366,6287,"['diagnosed with', 'diagnosed with bipolar']"
,,,,,,,
Skiisice,"sexually assaulted, failed all my classes, kicked out of nsu, diagnosed with bipolar depression,  crying myself to sleep every night, 2019 been the worst year of my life, but i‚Äôm still here https://t.co/rzisqahijf https://t.co/i1ydwk0jmt",OGTrillaLaces,[],2019-12-04 21:53:39+00:00,831,750,"['diagnosed with', 'diagnosed with bipolar']"
,,,,,,,
khaylakhaylaa,"sexually assaulted, failed all my classes, kicked out of nsu, diagnosed with bipolar depression,  crying myself to sleep every night, 2019 been the worst year of my life, but i‚Äôm still here https://t.co/rzisqahijf https://t.co/i1ydwk0jmt",OGTrillaLaces,[],2019-12-04 21:39:58+00:00,1502,1321,"['diagnosed with', 'diagnosed with bipolar']"
,,,,,,,
midsseeghosts,when you get diagnosed with anxiety and bipolar disorder üëçüèº cool,no retweet username,[],2019-12-04 21:06:08+00:00,7894,560,['diagnosed with']
,,,,,,,
CraigBurman91,"@directions4men hi, i am looking for men diagnosed with bipolar disorder to take part in a research study about their experiences. i wondered if you might help me spread the word by retweeting my study advert? (see pinned tweet.)",no retweet username,[],2019-12-04 21:05:44+00:00,182,957,"['diagnosed with', 'diagnosed with bipolar']"
,,,,,,,
mochaprinxess,"sexually assaulted, failed all my classes, kicked out of nsu, diagnosed with bipolar depression,  crying myself to sleep every night, 2019 been the worst year of my life, but i‚Äôm still here https://t.co/rzisqahijf https://t.co/i1ydwk0jmt",OGTrillaLaces,[],2019-12-04 21:05:16+00:00,169,112,"['diagnosed with', 'diagnosed with bipolar']"
,,,,,,,
MarkhamTm,"@rockdad831 @scott_a_moody @noplaceforsheep @abcnews my daughters psychiatrist appts are skype calls. 3.5 hrs out of sydney, in a town of approx 3000 people, and there‚Äôs no alternative. diagnosed with bipolar over skype, letters sent to gp for confirmation of medication and adjustments. 
all part of living in regional australia",no retweet username,[],2019-12-04 20:45:07+00:00,17,188,"['diagnosed with', 'diagnosed with bipolar']"
,,,,,,,
DejdadonG,"sexually assaulted, failed all my classes, kicked out of nsu, diagnosed with bipolar depression,  crying myself to sleep every night, 2019 been the worst year of my life, but i‚Äôm still here https://t.co/rzisqahijf https://t.co/i1ydwk0jmt",OGTrillaLaces,[],2019-12-04 20:37:46+00:00,969,729,"['diagnosed with', 'diagnosed with bipolar']"
,,,,,,,
amobeirne,"overuse of antidepressants causes mania and leads to bipolar diagnosis in some.

there isn't an open discussion. it's same people pushing same üíäüí∞ agenda leading to unethical overprescribing. 

üá¨üáß has moved on and addressing antidepressant withdrawal 

 #mhma2019 #liveline https://t.co/43pgvvxfwb",amobeirne,[],2019-12-04 20:36:18+00:00,2841,4999,['bipolar diagnosis']
,,,,,,,
Trey5_ty,"sexually assaulted, failed all my classes, kicked out of nsu, diagnosed with bipolar depression,  crying myself to sleep every night, 2019 been the worst year of my life, but i‚Äôm still here https://t.co/rzisqahijf https://t.co/i1ydwk0jmt",OGTrillaLaces,[],2019-12-04 20:26:37+00:00,458,505,"['diagnosed with', 'diagnosed with bipolar']"
,,,,,,,
lulnenaa,"sexually assaulted, failed all my classes, kicked out of nsu, diagnosed with bipolar depression,  crying myself to sleep every night, 2019 been the worst year of my life, but i‚Äôm still here https://t.co/rzisqahijf https://t.co/i1ydwk0jmt",OGTrillaLaces,[],2019-12-04 20:24:25+00:00,372,245,"['diagnosed with', 'diagnosed with bipolar']"
,,,,,,,
ohdatstay,"sexually assaulted, failed all my classes, kicked out of nsu, diagnosed with bipolar depression,  crying myself to sleep every night, 2019 been the worst year of my life, but i‚Äôm still here https://t.co/rzisqahijf https://t.co/i1ydwk0jmt",OGTrillaLaces,[],2019-12-04 20:19:40+00:00,1504,916,"['diagnosed with', 'diagnosed with bipolar']"
,,,,,,,
Trish_Hennessey,"@jleda25 oh! and justin has one of the coolest mothers on the planet. some of us worshipped the wild margaret, later diagnosed as bipolar. she's a mental health advocate. justin will be a better old man. let him work out the kinks.",no retweet username,[],2019-12-04 20:13:19+00:00,2643,1161,[]
,,,,,,,
oopoopbdo,"@cynicaltherapi1 @tgtstudios @latimes i‚Äôm clearly not a dr. but, i have a daughter that was caught into this at 5 yo. my dad died, i was married to a diagnosed bipolar. my dtr was acting out at school at 5. by 8, and many drs, tests, evals, daughter was dx‚Äôed at 8 &amp; put on meds that require blood drawn every 6 wks.",no retweet username,[],2019-12-04 20:09:38+00:00,967,755,['diagnosed bipolar']
,,,,,,,
_dariart,"sexually assaulted, failed all my classes, kicked out of nsu, diagnosed with bipolar depression,  crying myself to sleep every night, 2019 been the worst year of my life, but i‚Äôm still here https://t.co/rzisqahijf https://t.co/i1ydwk0jmt",OGTrillaLaces,[],2019-12-04 19:54:33+00:00,3824,2966,"['diagnosed with', 'diagnosed with bipolar']"
,,,,,,,
theecrazybethy,"on this day a year ago, i was diagnosed with bipolar 2 disorder. that diagnosis changed my life and led me on the path to the right medication.

proud to say i've been self harm free for over a year now, havent attempted on my life in over a year, and am relatively stable. üôå",no retweet username,[],2019-12-04 19:33:04+00:00,339,953,"['diagnosed with', 'diagnosed with bipolar']"
,,,,,,,
amberdiscko,started 2019 out in the psych ward where i was diagnosed bipolar... spent the year trying to find the right med cocktail to keep my moods stable and feel less zombie-like and that‚Äôs okay. i‚Äôm lucky to have parents that let me move back home and get better + save $$ &amp; move forward,no retweet username,[],2019-12-04 19:32:35+00:00,13993,842,['diagnosed bipolar']
,,,,,,,
shalomnissi3,"sexually assaulted, failed all my classes, kicked out of nsu, diagnosed with bipolar depression,  crying myself to sleep every night, 2019 been the worst year of my life, but i‚Äôm still here https://t.co/rzisqahijf https://t.co/i1ydwk0jmt",OGTrillaLaces,[],2019-12-04 19:01:07+00:00,335,279,"['diagnosed with', 'diagnosed with bipolar']"
,,,,,,,
wisedre11,"sexually assaulted, failed all my classes, kicked out of nsu, diagnosed with bipolar depression,  crying myself to sleep every night, 2019 been the worst year of my life, but i‚Äôm still here https://t.co/rzisqahijf https://t.co/i1ydwk0jmt",OGTrillaLaces,[],2019-12-04 18:53:36+00:00,591,630,"['diagnosed with', 'diagnosed with bipolar']"
,,,,,,,
youloveronae,"sexually assaulted, failed all my classes, kicked out of nsu, diagnosed with bipolar depression,  crying myself to sleep every night, 2019 been the worst year of my life, but i‚Äôm still here https://t.co/rzisqahijf https://t.co/i1ydwk0jmt",OGTrillaLaces,[],2019-12-04 18:52:54+00:00,993,370,"['diagnosed with', 'diagnosed with bipolar']"
,,,,,,,
_funsized_tink,"sexually assaulted, failed all my classes, kicked out of nsu, diagnosed with bipolar depression,  crying myself to sleep every night, 2019 been the worst year of my life, but i‚Äôm still here https://t.co/rzisqahijf https://t.co/i1ydwk0jmt",OGTrillaLaces,[],2019-12-04 18:51:31+00:00,1272,1104,"['diagnosed with', 'diagnosed with bipolar']"
,,,,,,,
CharitySANE,"an insightful blog shared by aisha on her unanswered questions about her father‚Äôs mental illness, and whether it was the cause of his behaviour, as well as coming to terms with her own diagnosis of bipolar disorder. https://t.co/zkhlnfgfdo https://t.co/mxxyebnzor",no retweet username,[],2019-12-04 18:40:04+00:00,131044,2313,[]
,,,,,,,
supergnarlycj,"sexually assaulted, failed all my classes, kicked out of nsu, diagnosed with bipolar depression,  crying myself to sleep every night, 2019 been the worst year of my life, but i‚Äôm still here https://t.co/rzisqahijf https://t.co/i1ydwk0jmt",OGTrillaLaces,[],2019-12-04 18:10:44+00:00,1558,1016,"['diagnosed with', 'diagnosed with bipolar']"
,,,,,,,
Domi_shortie,"sexually assaulted, failed all my classes, kicked out of nsu, diagnosed with bipolar depression,  crying myself to sleep every night, 2019 been the worst year of my life, but i‚Äôm still here https://t.co/rzisqahijf https://t.co/i1ydwk0jmt",OGTrillaLaces,[],2019-12-04 17:51:10+00:00,1322,757,"['diagnosed with', 'diagnosed with bipolar']"
,,,,,,,
MittenFacedLad,@ibecancelled i just got formally diagnosed with bipolar and put on stabilizers and i'm so hopeful they'll help. :(,no retweet username,[],2019-12-04 17:45:11+00:00,710,4988,"['diagnosed with', 'diagnosed with bipolar']"
,,,,,,,
antasiaaaquinn,"sexually assaulted, failed all my classes, kicked out of nsu, diagnosed with bipolar depression,  crying myself to sleep every night, 2019 been the worst year of my life, but i‚Äôm still here https://t.co/rzisqahijf https://t.co/i1ydwk0jmt",OGTrillaLaces,[],2019-12-04 17:18:23+00:00,491,451,"['diagnosed with', 'diagnosed with bipolar']"
,,,,,,,
barkley_kelsey,"it‚Äôs so sad to see someone not be taken seriously about depression, bipolar, etc because other mother fuckers who haven‚Äôt been diagnosed clam to have mental illness... üò©ü•∫",no retweet username,[],2019-12-04 17:04:34+00:00,14,43,[]
,,,,,,,
Mah280,@suzycohen what do you recommend for my 28-year-old daughter that has been diagnosed bipolar?,no retweet username,[],2019-12-04 16:39:54+00:00,108,170,['diagnosed bipolar']
,,,,,,,
NuAurora,"sexually assaulted, failed all my classes, kicked out of nsu, diagnosed with bipolar depression,  crying myself to sleep every night, 2019 been the worst year of my life, but i‚Äôm still here https://t.co/rzisqahijf https://t.co/i1ydwk0jmt",OGTrillaLaces,[],2019-12-04 16:37:21+00:00,1192,831,"['diagnosed with', 'diagnosed with bipolar']"
,,,,,,,
BezzGz,"sexually assaulted, failed all my classes, kicked out of nsu, diagnosed with bipolar depression,  crying myself to sleep every night, 2019 been the worst year of my life, but i‚Äôm still here https://t.co/rzisqahijf https://t.co/i1ydwk0jmt",OGTrillaLaces,[],2019-12-04 16:24:33+00:00,1440,921,"['diagnosed with', 'diagnosed with bipolar']"
,,,,,,,
daibai_,"sexually assaulted, failed all my classes, kicked out of nsu, diagnosed with bipolar depression,  crying myself to sleep every night, 2019 been the worst year of my life, but i‚Äôm still here https://t.co/rzisqahijf https://t.co/i1ydwk0jmt",OGTrillaLaces,[],2019-12-04 16:13:08+00:00,2437,2224,"['diagnosed with', 'diagnosed with bipolar']"
,,,,,,,
NAMISummitCty,"a new mural at belden village mall is part of the bipolar butterfly project. local artist, kimmy henderson painted the original bipolar butterfly on a window during her first not-yet diagnosed manic episode. she hopes the mural will help reduce stigma: https://t.co/b9mwk9vz7b",no retweet username,[],2019-12-04 15:51:02+00:00,170,127,[]
,,,,,,,
Mochatrxll,"sexually assaulted, failed all my classes, kicked out of nsu, diagnosed with bipolar depression,  crying myself to sleep every night, 2019 been the worst year of my life, but i‚Äôm still here https://t.co/rzisqahijf https://t.co/i1ydwk0jmt",OGTrillaLaces,[],2019-12-04 15:44:06+00:00,1586,1511,"['diagnosed with', 'diagnosed with bipolar']"
,,,,,,,
PimpDaddyKcane,"sexually assaulted, failed all my classes, kicked out of nsu, diagnosed with bipolar depression,  crying myself to sleep every night, 2019 been the worst year of my life, but i‚Äôm still here https://t.co/rzisqahijf https://t.co/i1ydwk0jmt",OGTrillaLaces,[],2019-12-04 15:43:15+00:00,2435,1800,"['diagnosed with', 'diagnosed with bipolar']"
,,,,,,,
therealannessa,"sexually assaulted, failed all my classes, kicked out of nsu, diagnosed with bipolar depression,  crying myself to sleep every night, 2019 been the worst year of my life, but i‚Äôm still here https://t.co/rzisqahijf https://t.co/i1ydwk0jmt",OGTrillaLaces,[],2019-12-04 15:35:04+00:00,178,175,"['diagnosed with', 'diagnosed with bipolar']"
,,,,,,,
amobeirne,"overuse of antidepressants causes mania and leads to bipolar diagnosis in some.

there isn't an open discussion. it's same people pushing same üíäüí∞ agenda leading to unethical overprescribing. 

üá¨üáß has moved on and addressing antidepressant withdrawal 

 #mhma2019 #liveline https://t.co/43pgvvxfwb",no retweet username,[],2019-12-04 14:42:12+00:00,2841,4999,['bipolar diagnosis']
,,,,,,,
eveaccess2018,i have a brother who was recently diagnosed with bipolar affective. it would be greatly appreciated if i can get some support. as well a few friends. https://t.co/jyhbpfwx4e  @btwfoundation @ladygaga @mentalhealthcan https://t.co/mm12mm1ty4,no retweet username,[],2019-12-04 14:13:42+00:00,1553,4967,"['diagnosed with', 'diagnosed with bipolar']"
,,,,,,,
MissZick,"@freetofic @pyromastyx two parents with adhd, mom diagnosed (+bipolar), dad undiagnosed but textbook. so naturally i went and married someone with undiagnosed adhd. he's diagnosed now...but...that trauma is real. let's just say my coping skills are lacking and having to do lots of learning/unlearning.",no retweet username,[],2019-12-04 13:40:27+00:00,666,1202,[]
,,,,,,,
Megs_Chaos,it just hit me that i was diagnosed over 20 years ago.  back then it was bipolar with manic depession.  the name has changed over the decades but it‚Äôs still the same disease.  incredible highs where i can do all the things.  lows so bad i can‚Äôt even move because,no retweet username,[],2019-12-04 12:40:32+00:00,75,595,[]
,,,,,,,
Megs_Chaos,"@itsaqueerthing as someone who has been diagnosed with bipolar for over 20
years - not being medicated is not an excuse but it can make you into an emotional zombie. you know you are supposed to feel but you can‚Äôt. you want to feel but you can‚Äôt. its a cold,dark hell.",no retweet username,[],2019-12-04 12:23:32+00:00,75,595,"['diagnosed with', 'diagnosed with bipolar']"
,,,,,,,
PaulWhiteleyPhD,"""... individuals with asd may be at increased risk for clinically diagnosed depression, anxiety, and bipolar disorder compared with age- and sex-matched referents"" https://t.co/dydxkr1tgs autistic features might be a core issue... https://t.co/x8vb7jkupp",no retweet username,[],2019-12-04 12:02:22+00:00,4270,1270,[]
,,,,,,,
melatikka_,"@pandagifter done. 

just found out i passed after being diagnosed with bipolar during my exams. i really thought i wouldn't make it but i did but i also got ""kicked out of school for not reaching their standards. idk. i just needed to vent.",no retweet username,[],2019-12-04 11:44:41+00:00,5,21,"['diagnosed with', 'diagnosed with bipolar']"
,,,,,,,
SirCountDracula,"you are not your mental illness. you‚Äôre not the sum of the symptoms you experience. you‚Äôre not bipolar, you‚Äôve been diagnosed with bipolar disorder. you‚Äôre not ‚Äúa schizophrenic‚Äù. you have a diagnosis. who you are is, a person; worthy of love, and capable of recovery. #stopsuicide",1of2vics,[],2019-12-04 11:10:55+00:00,278,228,"['diagnosed with', 'diagnosed with bipolar']"
,,,,,,,
queendanyaill,"a whole day befo i went into the psychiatric ward, tried to commit suicide the next day after this pic was taken .. was diagnosed wit bipolar mania, depression, &amp; schizophrenia üòå so that ‚Äúcrazy‚Äù word.. i do take it offensive ü§∑üèæ‚Äç‚ôÄÔ∏è https://t.co/pzamu5m2jf https://t.co/0gxojcqbuc",qveenteee__,[],2019-12-04 10:46:29+00:00,2360,1762,[]
,,,,,,,
ViewWillys,"@americareform i suffer from anxiety too among many other conditions.    . add adhd bipolar , ptsd my ‚ù§ goes out to you. 
i was diagnosed late at 10yrs old. 
god bless",no retweet username,[],2019-12-04 10:02:07+00:00,633,4984,[]
,,,,,,,
AndrewSimsCtr,"essentials: bipolar disorder delayed diagnosis
mon 13 jan 2020
@themethotel1 

led by dr anna kucharska, this session will explore most common reasons why it is hard to distinguish bipolar disorder 

for more info or to book online: https://t.co/kmms0zoidu

#nhs #cpd #bipolar https://t.co/jie2kavjfn",no retweet username,[],2019-12-04 09:29:00+00:00,1247,1763,[]
,,,,,,,
ndrethegiant_,"hair was at it's longest after my alopecia, i was creating looks on a daily basis but i was diagnosed with bipolar disorder after a series of panic attacks due to agoraphobia at the time. i would barely make it to work or get through the day without puking &amp; crying.

no one knew. https://t.co/h9gfx3hjss https://t.co/m9kpmsyhvz",no retweet username,[],2019-12-04 09:02:08+00:00,224,316,"['diagnosed with', 'diagnosed with bipolar']"
,,,,,,,
itsannenonymous,"three and a half years diagnosed with bipolar type ii disorder
two years since i was confined
two years na din pwd id ko
pero nahihiya pa rin akong gamitin pwd id ko for discounts üôÉ",no retweet username,[],2019-12-04 08:38:05+00:00,258,432,"['diagnosed with', 'diagnosed with bipolar']"
,,,,,,,
OGTrillaLaces,"sexually assaulted, failed all my classes, kicked out of nsu, diagnosed with bipolar depression,  crying myself to sleep every night, 2019 been the worst year of my life, but i‚Äôm still here https://t.co/rzisqahijf https://t.co/i1ydwk0jmt",no retweet username,[],2019-12-04 07:24:15+00:00,4530,2081,"['diagnosed with', 'diagnosed with bipolar']"
,,,,,,,
qveenteee__,"a whole day befo i went into the psychiatric ward, tried to commit suicide the next day after this pic was taken .. was diagnosed wit bipolar mania, depression, &amp; schizophrenia üòå so that ‚Äúcrazy‚Äù word.. i do take it offensive ü§∑üèæ‚Äç‚ôÄÔ∏è https://t.co/pzamu5m2jf https://t.co/0gxojcqbuc",no retweet username,[],2019-12-04 06:56:35+00:00,1742,1062,[]
,,,,,,,
ronnylg123,"so, let me see, how could i go from worse case a&amp;d, ocd f/25yrs...tried to end it twice, to as good &amp; as strong as humanly possible...my son went thru lots of gyrations as well, recently diagnosed with bipolar 2, medication f/life... &amp; now no more, doing beautifully...open minds! https://t.co/z6ezbnfhec",no retweet username,[],2019-12-04 06:52:14+00:00,310,400,"['diagnosed with', 'diagnosed with bipolar']"
,,,,,,,
DoroJohn2,my parents when i was first diagnosed as bipolar sksksksksks https://t.co/ifbsfmepbu,no retweet username,[],2019-12-04 06:37:54+00:00,439,856,[]
,,,,,,,
kyngtono_,"started the year with nothing but myself, was diagnosed as bipolar depression. lost many relationships, kept calling out of work and didn‚Äôt get to start school like i wanted to because of it. look at me now at the end ,i have three jobs and a grant for school next year !!! https://t.co/r7jkbewkgw",no retweet username,[],2019-12-04 05:45:52+00:00,847,895,[]
