username,tweet,username_of_retweeter,hashtag,tweet created,number of followers,# following
Chakshayhsingh,"b'""i spoke about my bipolar disorder and alcoholism because my biggest family are my fans. they should know exactly where i was and what happened when i was on that break."" - @asliyoyo\n\nwatch his full conversation with @renilabraham_ on #byinviteonly here - https://t.co/czu9ddkfuj https://t.co/xccfayyiix'",ZoomTV,[],2020-04-01 08:55:10+00:00,119,3729
bppguidance,"b'looking to talk to others who can relate to your experience of anxiety, depression, bipolar disorder or other mood related condition? aware has a new phone-in support &amp; self care group. an alternative peer support group in the current climate. details: https://t.co/asnnvwvnbr https://t.co/xtp3rs4mfk'",Aware,[],2020-04-01 08:54:05+00:00,224,114
kamalkang212,"b'""i spoke about my bipolar disorder and alcoholism because my biggest family are my fans. they should know exactly where i was and what happened when i was on that break."" - @asliyoyo\n\nwatch his full conversation with @renilabraham_ on #byinviteonly here - https://t.co/czu9ddkfuj https://t.co/xccfayyiix'",ZoomTV,[],2020-04-01 08:52:50+00:00,129,7
Pachu_kkk,b'\xe3\x81\x82\xe3\x82\x93\xe3\x82\xb9\xe3\x82\xbf\xef\xbc\x81\xef\xbc\x81music\xe3\x83\xa1\xe3\x83\xa2\n\n\xe3\x81\x8a\xe4\xbb\x95\xe4\xba\x8b\n\xe3\x83\xbbbp0/1\xe5\x80\x8d/250pt/1\xe6\x9e\x9a\n\xe3\x83\xbbbp1/4\xe5\x80\x8d/1000pt/4\xe6\x9e\x9a\n\xe3\x83\xbbbp2/8\xe5\x80\x8d/2000pt/8\xe6\x9e\x9a\n\xe3\x83\xbbbp3/12\xe5\x80\x8d/3000pt/12\xe6\x9e\x9a\n\n\xe9\x80\x9a\xe5\xb8\xb8\xe3\x83\xa9\xe3\x82\xa4\xe3\x83\x96\n\xe3\x83\xbbbp1/1\xe5\x80\x8d/2000pt+\xce\xb1/10\xe6\x9e\x9a\n\xe3\x83\xbbbp2/2\xe5\x80\x8d/4000pt+\xce\xb1/20\xe6\x9e\x9a\n\xe3\x83\xbbbp3/3\xe5\x80\x8d/6000pt+\xce\xb1/30\xe6\x9e\x9a\n\xe3\x83\xbbbp6/6\xe5\x80\x8d/12000pt+\xce\xb1/60\xe6\x9e\x9a\n\xe3\x83\xbbbp10/10\xe5\x80\x8d/20000pt+\xce\xb1/100\xe6\x9e\x9a\n\xe3\x82\xb9\xe3\x82\xb3\xe3\x82\xa2&amp;\xe3\x82\xa4\xe3\x83\x99\xe3\x82\xb9\xe3\x82\xad\xe3\x83\xab\xe3\x83\x9c\xe3\x83\xbc\xe3\x83\x8a\xe3\x82\xb9\xe6\x9c\x89',Iam2winkP,[],2020-04-01 08:47:46+00:00,3,342
mahatoma315,b'bp1.5\xe5\x80\x8d\xe3\x81\xa8\xe3\x82\xa4\xe3\x83\xbc\xe3\x82\xb9\xe3\x82\xbf\xe3\x83\xbc\xe3\x81\x8b\xe3\x81\xb6\xe3\x81\xa3\xe3\x81\xa6\xe3\x82\x8b\xe3\x81\x8b\xe3\x82\x89\xe3\x81\xa9\xe3\x81\xa3\xe3\x81\xa1\xe3\x82\x84\xe3\x82\x8b\xe3\x81\x8b\xe8\xbf\xb7\xe3\x81\xa3\xe3\x81\x9f\xe7\xb5\x90\xe6\x9e\x9c\xe3\x80\x80\xe7\x85\xbd\xe3\x82\x89\xe3\x82\x8c\xe3\x81\x9f\xe3\x82\x89switch\xe3\x81\xae\xe9\x9b\xbb\xe6\xba\x90\xe3\x82\x92\xe3\x81\xa4\xe3\x81\x91\xe3\x82\x8b\xe3\x81\xa8\xe3\x81\x84\xe3\x81\x86\xe8\xa1\x8c\xe7\x82\xba\xe3\x81\x8c\xe7\x94\x9f\xe3\x81\xbe\xe3\x82\x8c\xe3\x81\x9f',no retweet username,[],2020-04-01 08:46:27+00:00,79,154
heronjess,b'#worldbipolarday did you know? postpartum psychosis occurs after approximately 25% of births to women with #bipolardisorder. we at action on postpartum psychosis offer support &amp; information. here are 5 useful links in this thread.\nfind out more: https://t.co/c5c3s19c0a @bipolaruk https://t.co/jtbipnynkg',ActionOnPP,"[{'text': 'WorldBipolarDay', 'indices': [16, 32]}, {'text': 'bipolardisorder', 'indices': [123, 139]}]",2020-04-01 08:45:32+00:00,1487,2001
SG_takechan1013,b'@inorimachi_0901 \xe3\x81\x82\xe3\x81\xaa\xe3\x81\x9f\xe3\x81\xaf\xe3\x81\x9d\xe3\x82\x93\xe3\x81\xaa\xe3\x81\xab\xe3\x82\xb3\xe3\x82\xb9\xe3\x83\x97\xe3\x83\xac\xe3\x82\x88\xe3\x82\x8a\xe3\x81\x8bdbd\xe3\x81\xaebp1.5\xe5\x80\x8d\xe3\x81\x8c\xe5\xa4\xa7\xe4\xba\x8b\xe3\x81\x8b\xe3\x81\xad\xf0\x9f\x98\x92\xf0\x9f\x98\x92',no retweet username,[],2020-04-01 08:40:39+00:00,576,587
Nottinghamshop1,"b""1\xe2\x83\xa3 in 1\xe2\x83\xa30\xe2\x83\xa30\xe2\x83\xa3 people are affected by bipolar disorder, yet it still remains largely stigmatised and misunderstood. \n\nthis #worldbipolarday, we're spreading awareness of the condition and its symptoms. \n\nmore info \xf0\x9f\x91\x89 https://t.co/hct6ta2a9z https://t.co/kcfyoxl24s""",Rethink_,[],2020-04-01 08:31:34+00:00,138,251
behdashteravani,b'\xd8\xa7\xd8\xae\xd8\xaa\xd9\x84\xd8\xa7\xd9\x84 \xd8\xaf\xd9\x88\xd9\x82\xd8\xb7\xd8\xa8\xdb\x8c i (\xd9\x86\xd9\x88\xd8\xb9 \xdb\x8c\xda\xa9) bipolar i disorder \n\xd8\xa7\xd8\xae\xd8\xaa\xd9\x84\xd8\xa7\xd9\x84 \xd8\xaf\xd9\x88\xd9\x82\xd8\xb7\xd8\xa8\xdb\x8c i (\xd9\x86\xd9\x88\xd8\xb9 \xdb\x8c\xda\xa9) \xd8\xb2\xd9\x85\xd8\xa7\xd9\x86\xdb\x8c \xd8\xaa\xd8\xb4\xd8\xae\xdb\x8c\xd8\xb5 \xda\xaf\xd8\xb0\xd8\xa7\xd8\xb1\xdb\x8c \xd9\x85\xdb\x8c \xd8\xb4\xd9\x88\xd8\xaf \xda\xa9\xd9\x87 \xd9\x85\xd9\x84\xd8\xa7\xda\xa9 \xd9\x87\xd8\xa7\xdb\x8c \xd8\xb2\xdb\x8c\xd8\xb1 \xd8\xa8\xd8\xb1\xd8\xa7\xdb\x8c \xd8\xaf\xd9\x88\xd8\xb1\xd9\x87 \xd9\x85\xd8\xa7\xd9\x86\xdb\x8c\xd8\xa7 \xd8\xa7\xd8\xad\xd8\xb1\xd8\xa7\xd8\xb2 \xd8\xb4\xd9\x88\xd8\xaf. \xd8\xa7\xd9\x85\xda\xa9\xd8\xa7\xd9\x86 \xd8\xa8\xd8\xb1\xd9\x88\xd8\xb2 \xd8\xad\xd9\x85\xd9\x84\xd8\xa7\xd8\xaa \xd8\xa7\xd9\x81\xd8\xb3\xd8\xb1\xd8\xaf\xda\xaf\xdb\x8c \xd8\xa7\xd8\xb3\xd8\xa7\xd8\xb3\xdb\x8c \xdb\x8c\xd8\xa7 \xd9\x87\xdb\x8c\xd9\xbe\xd9\x88\xd9\x85\xd8\xa7\xd9\x86\xdb\x8c\xd8\xa7 \xd9\x82\xd8\xa8\xd9\x84 \xdb\x8c\xd8\xa7 \xd8\xa8\xd8\xb9\xd8\xaf \xd8\xa7\xd8\xb2 \xd8\xad\xd9\x85\xd9\x84\xd8\xa7\xd8\xaa \xd9\x85\xd8\xa7\xd9\x86\xdb\x8c\xd8\xa7 \xd9\x88\xd8\xac\xd9\x88\xd8\xaf \xd8\xaf\xd8\xa7\xd8\xb1\xd8\xaf...\n\nhttps://t.co/bvikryywbz https://t.co/lstkx6cgqv',no retweet username,[],2020-04-01 08:30:34+00:00,2,0
BulewoDudley,b'fecal #microbiome transplant (fmt) leads to complete remission in patient with bipolar 1 disorder. https://t.co/hmf2qszw7c',no retweet username,"[{'text': 'Microbiome', 'indices': [6, 17]}]",2020-04-01 08:29:06+00:00,833,297
Ae_mellq,b'\xe3\x81\x99\xe3\x82\x8a\xe6\x8a\x9c\xe3\x81\x91\xe5\xa4\xa9\xe4\xba\x95\xe7\x84\xa1\xe3\x81\x97\xe3\x81\xaf\xe7\xb5\x90\xe6\xa7\x8b\xe3\x81\xa9\xe3\x81\x93\xe3\x81\xa7\xe3\x82\x82\xe3\x81\x82\xe3\x82\x8b\xe3\x82\xb7\xe3\x82\xb9\xe3\x83\x86\xe3\x83\xa0\xe3\x81\xa0\xe3\x81\x91\xe3\x81\xa9\xe3\x81\x95\xe3\x80\x81\xef\xbd\xbd\xef\xbe\x9e!!\xe3\x81\xae10\xe9\x80\xa3\xe3\x81\xa7\xe7\x9f\xb3350\xe5\x80\x8b\xe4\xbd\xbf\xe3\x81\x86\xe3\x81\xae\xe3\x81\xab\xe2\x98\x865pu\xe5\xae\x9f\xe8\xb3\xaa1%\xe3\x81\xaf\xe4\xbd\x8e\xe3\x81\x84\xe3\x81\xa8\xe6\x80\x9d\xe3\x81\x86\xe3\x80\x82\xe3\x81\xb0\xe3\x82\x89\xe6\x92\x92\xe3\x81\x8d\xe9\xa0\xbb\xe5\xba\xa6\xe3\x82\x82\xe5\x9b\x9e\xe5\x8f\x8e\xe3\x81\xa7\xe3\x81\x8d\xe3\x82\x8b\xe7\x9f\xb3\xe3\x82\x82\xe3\x81\x9d\xe3\x82\x93\xe3\x81\xaa\xe5\xa4\x9a\xe3\x81\x8f\xe3\x81\xaa\xe3\x81\x84\xe3\x81\x97\xe3\x80\x8110\xe9\x80\xa3\xe3\x81\x8c\xe3\x81\x8a\xe5\xbe\x97\xe3\x81\xab\xe3\x81\xaa\xe3\x81\xa3\xe3\x81\x9f\xe3\x82\x8a\xe3\x80\x8111\xe9\x80\xa3\xe3\x81\xab\xe3\x81\xaa\xe3\x81\xa3\xe3\x81\x9f\xe3\x82\x8a\xe3\x81\x99\xe3\x82\x8b\xe3\x81\x93\xe3\x81\xa8\xe3\x82\x82\xe3\x81\xaa\xe3\x81\x84\xe3\x80\x82bp1\xe3\x81\xab\xe7\x9f\xb32\xe5\x80\x8b\xe4\xbd\xbf\xe3\x81\x86\xe3\x81\x97\xe3\x80\x81\xe7\x9f\xb3\xe3\x81\xae\xe6\xb6\x88\xe8\xb2\xbb\xe3\x82\xb9\xe3\x83\x94\xe3\x83\xbc\xe3\x83\x89\xe3\x81\xb0\xe3\x81\x8b\xe3\x82\x8a\xe4\xb8\x8a\xe3\x81\x8c\xe3\x81\xa3\xe3\x81\x9f\xe3\x82\x88\xe3\x81\x86\xe3\x81\xaa\xe6\xb0\x97\xe3\x81\x8c\xe3\x81\x97\xe3\x81\xa6\xe3\x81\xaa\xe3\x82\x89\xe3\x81\xaa\xe3\x81\x84\xe2\x80\xa6\xe2\x80\xa6',no retweet username,[],2020-04-01 08:26:23+00:00,32,50
0x00v00m0,b'bp1\xe3\x81\xaf\xf0\x9f\x92\x8e2\xe3\x81\xa0\xe3\x81\x8b\xe3\x82\x89\xe3\x83\x90\xe3\x82\xa4\xe3\x83\x88\xe8\x80\x83\xe3\x81\x88\xe3\x81\xa68\xe4\xb8\x87\xe3\x81\x98\xe3\x82\x83\xe3\x82\x93\xe3\x81\xb0\xe3\x81\x8b\xe3\x81\x99\xef\xbd\x97\xef\xbd\x97',no retweet username,[],2020-04-01 08:18:06+00:00,1169,1144
behdashteravani,b'\xd8\xa7\xd8\xae\xd8\xaa\xd9\x84\xd8\xa7\xd9\x84 \xd8\xaf\xd9\x88\xd9\x82\xd8\xb7\xd8\xa8\xdb\x8c ii (\xd9\x86\xd9\x88\xd8\xb9 \xd8\xaf\xd9\x88) bipolar ii disorder \n\xd8\xa7\xd8\xae\xd8\xaa\xd9\x84\xd8\xa7\xd9\x84 \xd8\xaf\xd9\x88\xd9\x82\xd8\xb7\xd8\xa8\xdb\x8c ii (\xd9\x86\xd9\x88\xd8\xb9 \xd8\xaf\xd9\x88) \xd8\xb2\xd9\x85\xd8\xa7\xd9\x86\xdb\x8c \xd8\xaa\xd8\xb4\xd8\xae\xdb\x8c\xd8\xb5 \xda\xaf\xd8\xb0\xd8\xa7\xd8\xb1\xdb\x8c \xd9\x85\xdb\x8c \xd8\xb4\xd9\x88\xd8\xaf \xda\xa9\xd9\x87 \xd9\x85\xd9\x84\xd8\xa7\xda\xa9 \xd9\x87\xd8\xa7\xdb\x8c \xd8\xb2\xdb\x8c\xd8\xb1 \xd8\xa8\xd8\xb1\xd8\xa7\xdb\x8c \xdb\x8c\xda\xa9 \xd8\xaf\xd9\x88\xd8\xb1\xd9\x87 \xd9\x81\xd8\xb9\xd9\x84\xdb\x8c \xdb\x8c\xd8\xa7 \xda\xaf\xd8\xb0\xd8\xb4\xd8\xaa\xd9\x87 \xd9\x87\xdb\x8c\xd9\xbe\xd9\x88\xd9\x85\xd8\xa7\xd9\x86\xdb\x8c\xd8\xa7 \xd9\x88 \xd9\x85\xd9\x84\xd8\xa7\xda\xa9 \xd9\x87\xd8\xa7\xdb\x8c \xd8\xaa\xd8\xb4\xd8\xae\xdb\x8c\xd8\xb5\xdb\x8c \xd8\xb2\xdb\x8c\xd8\xb1 \xd8\xa8\xd8\xb1\xd8\xa7\xdb\x8c \xdb\x8c\xda\xa9 \xd8\xaf\xd9\x88\xd8\xb1\xd9\x87 \xd8\xa7\xd9\x81\xd8\xb3\xd8\xb1\xd8\xaf\xda\xaf\xdb\x8c \xd8\xa7\xd8\xb3\xd8\xa7\xd8\xb3\xdb\x8c \xd9\x81\xd8\xb9\xd9\x84\xdb\x8c \xdb\x8c\xd8\xa7 \xda\xaf\xd8\xb0\xd8\xb4\xd8\xaa\xd9\x87 \xd8\xa7\xd8\xad\xd8\xb1\xd8\xa7\xd8\xb2 \xd8\xb4\xd9\x88\xd8\xaf:\n\xd8\xa7\xd9\x84\xd9\x81: \xd9\x85\xd9\x84\xd8\xa7\xda\xa9 \xd9\x87\xd8\xa7\xdb\x8c \xd8\xaa\xd8\xb4\xd8\xae\xdb\x8c\xd8\xb5\xdb\x8c \xd8\xad\xd8\xaf\xd8\xa7\xd9\x82\xd9\x84 ...\n\nhttps://t.co/kr0a5xgpet https://t.co/fzcbjhvztb',no retweet username,[],2020-04-01 08:16:33+00:00,2,0
BabuIbrar3,"b'""i spoke about my bipolar disorder and alcoholism because my biggest family are my fans. they should know exactly where i was and what happened when i was on that break."" - @asliyoyo\n\nwatch his full conversation with @renilabraham_ on #byinviteonly here - https://t.co/czu9ddkfuj https://t.co/xccfayyiix'",ZoomTV,[],2020-04-01 08:14:04+00:00,43,103
levi_bullen,"b""@gertrude_o_d sorry gertrude, \n\ni'm bipolar so yes it's months of depression followed by weeks of mania, but surely some days are better than others yes?""",no retweet username,[],2020-04-01 08:04:20+00:00,3285,3321
BexSimonArtist,"b'becoming a blacksmith saved @bexsimonartist from succumbing to bipolar disorder. she has been off medication since 2009, and uses her illness \xe2\x80\x98by building like a \xe2\x80\x98nutter\xe2\x80\x99 in the mania (episodes) and designing during the dark patches.\xe2\x80\x99 watch now: https://t.co/juy8ccxqg1'",HeadTalksNews,[],2020-04-01 08:02:30+00:00,3266,1681
inmaflorez,"b'se me han amotinado las bestias pardas.\nha sido decirles ""vamos que empezamos con las tareas"" y \xc2\xa1estampida!\nbp1 se ha atrincherado en su litera y me lanza peluches.\nbp2 se ha metido bajo la mesa del sal\xc3\xb3n y se ha parapetado con sillas.\n\nestoy sacando bollos a ver si cuela.'",no retweet username,[],2020-04-01 07:57:56+00:00,376,765
family_memory_v,b'#ps4live (dead by daylight)#53\xe3\x80\x80bp1.5\xe5\x80\x8d\xe3\x81\xaa\xe3\x82\x93\xe3\x81\xa7\xe3\x80\x81\xe3\x83\x9d\xe3\x82\xa4\xe3\x83\xb3\xe3\x83\x88\xe9\x9b\x86\xe3\x82\x81\xe7\xad\x89\xe3\x82\x92\xe9\x85\x8d\xe4\xbf\xa1\xe3\x83\x91\xe3\x83\xbc\xe3\x83\x88\xe3\x83\x8a\xe3\x83\xbc\xe3\x81\xa8\xe6\xa5\xbd\xe3\x81\x97\xe3\x81\xbf\xe3\x81\xaa\xe3\x81\x8c\xe3\x82\x89\xe9\x85\x8d\xe4\xbf\xa1\xe3\x81\x97\xe3\x81\xbe\xe3\x81\x99(^o^)\xe8\x89\xaf\xe3\x81\x91\xe3\x82\x8c\xe3\x81\xb0\xe3\x80\x81\xe3\x83\x81\xe3\x83\xa3\xe3\x83\xb3\xe3\x83\x8d\xe3\x83\xab\xe3\x81\x94\xe8\xa6\x96\xe8\x81\xb4\xe3\x80\x81\xe3\x83\x81\xe3\x83\xa3\xe3\x83\xb3\xe3\x83\x8d\xe3\x83\xab\xe7\x99\xbb\xe9\x8c\xb2\xe3\x82\x92\xe3\x82\x88\xe3\x82\x8d\xe3\x81\x97\xe3\x81\x8f\xe3\x81\x8a\xe9\xa1\x98\xe3\x81\x84\xe3\x81\x97\xe3\x81\xbe\xe3\x81\x99\xe3\x80\x82  live at https://t.co/fprrohxu9k',mitsukazu_aroma,"[{'text': 'PS4live', 'indices': [21, 29]}]",2020-04-01 07:47:09+00:00,1277,757
futurefish1104,b'\xe3\x83\x80\xe3\x82\xa4\xe3\x83\xa42\xe5\x80\x8b\xe3\x81\xa7bp1\xe5\x9b\x9e\xe5\xbe\xa9\xe3\x81\xaa\xe3\x81\xae\xe3\x81\xa7\xe3\x80\x81\xe3\x83\x80\xe3\x82\xa4\xe3\x83\xa4\xe3\x81\xaf\xe3\x81\x9f\xe3\x81\x8f\xe3\x81\x95\xe3\x82\x93\xe3\x81\xa8\xe3\x81\x91\xe3\x81\xa6\xe3\x81\x84\xe3\x81\x8f',no retweet username,[],2020-04-01 07:39:38+00:00,93,197
Ruma12311,b'dbd\xe3\x82\xbb\xe3\x83\xbc\xe3\x83\xab\xe3\x81\x97\xe3\x81\xa6\xe3\x82\x8b\xe3\x81\xa3\xe3\x81\xa6\xe3\x82\x88\xef\xbc\x81\xef\xbc\x81\xe7\xa7\x81\xe3\x81\xa8\xef\xbc\x81\xe9\x81\x8a\xe3\x81\xb9\xe3\x82\x8b\xe3\x82\x88\xef\xbc\x81\xef\xbc\x81bp1.5\xe5\x80\x8d\xe3\x81\xa0\xe3\x81\x97\xef\xbc\x81\xe3\x83\x91\xe3\x83\xbc\xe3\x83\x86\xe3\x82\xa3\xe3\x83\xaa\xe3\x83\x9c\xe3\x83\xb3\xe3\x82\x82\xe4\xbd\xbf\xe3\x81\xa3\xe3\x81\xa1\xe3\x82\x83\xe3\x81\x86\xe3\x82\x88\xef\xbc\x81',no retweet username,[],2020-04-01 07:39:20+00:00,1439,1026
kingonthecourt9,b'\xe3\x81\x82\xe3\x82\x93\xe3\x82\xb9\xe3\x82\xbf\xef\xbc\x81\xef\xbc\x81music\xe3\x83\xa1\xe3\x83\xa2\n\n\xe3\x81\x8a\xe4\xbb\x95\xe4\xba\x8b\n\xe3\x83\xbbbp0/1\xe5\x80\x8d/250pt/1\xe6\x9e\x9a\n\xe3\x83\xbbbp1/4\xe5\x80\x8d/1000pt/4\xe6\x9e\x9a\n\xe3\x83\xbbbp2/8\xe5\x80\x8d/2000pt/8\xe6\x9e\x9a\n\xe3\x83\xbbbp3/12\xe5\x80\x8d/3000pt/12\xe6\x9e\x9a\n\n\xe9\x80\x9a\xe5\xb8\xb8\xe3\x83\xa9\xe3\x82\xa4\xe3\x83\x96\n\xe3\x83\xbbbp1/1\xe5\x80\x8d/2000pt+\xce\xb1/10\xe6\x9e\x9a\n\xe3\x83\xbbbp2/2\xe5\x80\x8d/4000pt+\xce\xb1/20\xe6\x9e\x9a\n\xe3\x83\xbbbp3/3\xe5\x80\x8d/6000pt+\xce\xb1/30\xe6\x9e\x9a\n\xe3\x83\xbbbp6/6\xe5\x80\x8d/12000pt+\xce\xb1/60\xe6\x9e\x9a\n\xe3\x83\xbbbp10/10\xe5\x80\x8d/20000pt+\xce\xb1/100\xe6\x9e\x9a\n\xe3\x82\xb9\xe3\x82\xb3\xe3\x82\xa2&amp;\xe3\x82\xa4\xe3\x83\x99\xe3\x82\xb9\xe3\x82\xad\xe3\x83\xab\xe3\x83\x9c\xe3\x83\xbc\xe3\x83\x8a\xe3\x82\xb9\xe6\x9c\x89',Iam2winkP,[],2020-04-01 07:35:56+00:00,1446,1952
Blosseyfriday,"b'@me_aster i have 79 followers so could do with the writers lift \xf0\x9f\x98\x8a i write about grief, bipolar disorder, widowhood. have fabulous blog. do articles. finished book need to get organised &amp; find publisher or agent. any recommendations for this field welcome as well as a mix of followers! \xe2\x9d\xa4\xef\xb8\x8f https://t.co/59qgz4sdze'",no retweet username,[],2020-04-01 07:35:01+00:00,442,404
ioi_xxxx,b'@yu_cec \xe3\x81\xaa\xe3\x82\x8b\xe3\x81\xbb\xe3\x81\xa9\xf0\x9f\xa4\x94\n\xe3\x81\x9d\xe3\x81\x97\xe3\x81\xa6\xe3\x81\x84\xe3\x81\xa4dbd\xe3\x82\x84\xe3\x82\x8b\xe3\x82\x93\xe3\x81\xa7\xe3\x81\x99\xe3\x81\x8bw\n\xe3\x81\x9b\xe3\x81\xa3\xe3\x81\x8b\xe3\x81\x8fbp1.5\xe5\x80\x8d\xe3\x82\x84\xe3\x81\xa3\xe3\x81\xa6\xe3\x81\xbe\xe3\x81\x99\xe3\x81\xae\xe3\x81\xab\xf0\x9f\x98\xa2',no retweet username,[],2020-04-01 07:26:03+00:00,250,287
ameliaaspen,"b""@engelsmeister it's the same thing. it's equivalent to saying being bipolar and having bipolar disorder are different. please just stop saying disrespectful statements and leave it at that https://t.co/sn63y9hsc8""",no retweet username,[],2020-04-01 07:23:25+00:00,16,54
AtincGurcay,"b'happy #worldbipolarday!\n\ntoday is a day to bring worldwide awareness to bipolar disorder, reduce stigma, and educate individuals about living life with bipolar disorder. https://t.co/xhm98wjulp'",IntlBipolar,"[{'text': 'WorldBipolarDay', 'indices': [23, 39]}]",2020-04-01 07:23:17+00:00,595,787
koyukiANST1116,b'\xe3\x81\x82\xe3\x82\x93\xe3\x82\xb9\xe3\x82\xbf\xef\xbc\x81\xef\xbc\x81music\xe3\x83\xa1\xe3\x83\xa2\n\n\xe3\x81\x8a\xe4\xbb\x95\xe4\xba\x8b\n\xe3\x83\xbbbp0/1\xe5\x80\x8d/250pt/1\xe6\x9e\x9a\n\xe3\x83\xbbbp1/4\xe5\x80\x8d/1000pt/4\xe6\x9e\x9a\n\xe3\x83\xbbbp2/8\xe5\x80\x8d/2000pt/8\xe6\x9e\x9a\n\xe3\x83\xbbbp3/12\xe5\x80\x8d/3000pt/12\xe6\x9e\x9a\n\n\xe9\x80\x9a\xe5\xb8\xb8\xe3\x83\xa9\xe3\x82\xa4\xe3\x83\x96\n\xe3\x83\xbbbp1/1\xe5\x80\x8d/2000pt+\xce\xb1/10\xe6\x9e\x9a\n\xe3\x83\xbbbp2/2\xe5\x80\x8d/4000pt+\xce\xb1/20\xe6\x9e\x9a\n\xe3\x83\xbbbp3/3\xe5\x80\x8d/6000pt+\xce\xb1/30\xe6\x9e\x9a\n\xe3\x83\xbbbp6/6\xe5\x80\x8d/12000pt+\xce\xb1/60\xe6\x9e\x9a\n\xe3\x83\xbbbp10/10\xe5\x80\x8d/20000pt+\xce\xb1/100\xe6\x9e\x9a\n\xe3\x82\xb9\xe3\x82\xb3\xe3\x82\xa2&amp;\xe3\x82\xa4\xe3\x83\x99\xe3\x82\xb9\xe3\x82\xad\xe3\x83\xab\xe3\x83\x9c\xe3\x83\xbc\xe3\x83\x8a\xe3\x82\xb9\xe6\x9c\x89',Iam2winkP,[],2020-04-01 07:11:57+00:00,39,2096
aychint27,b'ada saja yang masih yang salah paham yang mengira bipolar itu ada 2 kepribadian.\n\nbipolar itu bukan kepribadian ganda tetapi ada 2 mood yang berbeda depresi dan mania.\n\nkepribadian ganda itu sebutanya dissociative identity disorder',As2Notes,[],2020-04-01 07:09:41+00:00,34,122
ninsanshingon,b'\xe3\x81\x82\xe3\x82\x93\xe3\x82\xb9\xe3\x82\xbf\xef\xbc\x81\xef\xbc\x81music\xe3\x83\xa1\xe3\x83\xa2\n\n\xe3\x81\x8a\xe4\xbb\x95\xe4\xba\x8b\n\xe3\x83\xbbbp0/1\xe5\x80\x8d/250pt/1\xe6\x9e\x9a\n\xe3\x83\xbbbp1/4\xe5\x80\x8d/1000pt/4\xe6\x9e\x9a\n\xe3\x83\xbbbp2/8\xe5\x80\x8d/2000pt/8\xe6\x9e\x9a\n\xe3\x83\xbbbp3/12\xe5\x80\x8d/3000pt/12\xe6\x9e\x9a\n\n\xe9\x80\x9a\xe5\xb8\xb8\xe3\x83\xa9\xe3\x82\xa4\xe3\x83\x96\n\xe3\x83\xbbbp1/1\xe5\x80\x8d/2000pt+\xce\xb1/10\xe6\x9e\x9a\n\xe3\x83\xbbbp2/2\xe5\x80\x8d/4000pt+\xce\xb1/20\xe6\x9e\x9a\n\xe3\x83\xbbbp3/3\xe5\x80\x8d/6000pt+\xce\xb1/30\xe6\x9e\x9a\n\xe3\x83\xbbbp6/6\xe5\x80\x8d/12000pt+\xce\xb1/60\xe6\x9e\x9a\n\xe3\x83\xbbbp10/10\xe5\x80\x8d/20000pt+\xce\xb1/100\xe6\x9e\x9a\n\xe3\x82\xb9\xe3\x82\xb3\xe3\x82\xa2&amp;\xe3\x82\xa4\xe3\x83\x99\xe3\x82\xb9\xe3\x82\xad\xe3\x83\xab\xe3\x83\x9c\xe3\x83\xbc\xe3\x83\x8a\xe3\x82\xb9\xe6\x9c\x89',Iam2winkP,[],2020-04-01 07:07:22+00:00,294,397
HeadTalksNews,"b'becoming a blacksmith saved @bexsimonartist from succumbing to bipolar disorder. she has been off medication since 2009, and uses her illness \xe2\x80\x98by building like a \xe2\x80\x98nutter\xe2\x80\x99 in the mania (episodes) and designing during the dark patches.\xe2\x80\x99 watch now: https://t.co/juy8ccxqg1'",no retweet username,[],2020-04-01 07:00:38+00:00,2968,1229
Yumiki46,b'@yossy8888_46 \xe8\x87\xaa\xe5\x88\x86\xe3\x81\xaf\xe6\x9c\x80\xe5\xbe\x8c\xe3\x81\xbe\xe3\x81\xa7bp1\xe3\x81\xa7\xe5\x8f\xa9\xe3\x81\x84\xe3\x81\xa6\xe3\x82\xab\xe3\x83\xa1\xe3\x83\xa9\xe8\x90\xbd\xe3\x81\xa8\xe3\x81\x97\xe3\x81\xbe\xe3\x81\x97\xe3\x81\x9f\xe3\x82\x88\n\xe3\x81\xbe\xe3\x81\xa0\xe5\xa7\x8b\xe3\x81\xbe\xe3\x81\xa3\xe3\x81\x9f\xe3\x81\xb0\xe3\x81\xa3\xe3\x81\x8b\xe3\x82\x8a\xe3\x81\xaa\xe3\x81\xae\xe3\x81\xa7\xe3\x83\xbb\xe3\x83\xbb\xe3\x83\xbb\n\xe9\xa0\x91\xe5\xbc\xb5\xe3\x81\xa3\xe3\x81\xa6\xe4\xb8\x8b\xe3\x81\x95\xe3\x81\x84\xef\xbc\x81\xf0\x9f\x92\xaa',no retweet username,[],2020-04-01 06:58:14+00:00,380,726
ttg98,b'\xe9\x80\x9a\xe5\xb8\xb8\xe6\xa5\xbd\xe6\x9b\xb2\xe3\x81\xaf\xe5\x85\xa8\xe9\x83\xa8bp1\xe3\x81\xa7\xe3\x83\x97\xe3\x83\xac\xe3\x82\xa4\xe3\x81\x97\xe3\x81\xa6\xe3\x82\x8b\xe3\x82\x93\xe3\x81\xa0\xe3\x81\x91\xe3\x81\xa9\xe3\x81\x9d\xe3\x82\x8c\xe3\x81\xaa\xe3\x82\x89\xe3\x82\xa4\xe3\x83\x99\xe3\x83\xb3\xe3\x83\x88\xe6\x9b\xb2\xe3\x81\xaf5\xe5\x80\x8d\xe3\x81\xa7\xe3\x83\x97\xe3\x83\xac\xe3\x82\xa4\xe3\x81\x97\xe3\x81\xa6\xe3\x82\x82\xe3\x81\x84\xe3\x81\x84\xe3\x81\xae\xe3\x81\x8b\xe3\x81\xaa\xe2\x80\xa6',no retweet username,[],2020-04-01 06:57:36+00:00,2364,253
oiragaoira,b'@canonsylpide bp1.5\xe5\x80\x8d\xe3\x81\xa0\xe3\x81\x8b\xe3\x82\x89\xe7\xa8\xbc\xe3\x81\x84\xe3\x81\xa7\xe8\x82\xb2\xe3\x81\xa6\xe3\x82\x8b\xe3\x82\x93\xe3\x81\xa7\xe3\x81\x99\xe3\x82\x8f\xef\xbc\x81',no retweet username,[],2020-04-01 06:56:03+00:00,123,162
_akam____,b'\xe3\x81\x82\xe3\x82\x93\xe3\x82\xb9\xe3\x82\xbf\xef\xbc\x81\xef\xbc\x81music\xe3\x83\xa1\xe3\x83\xa2\n\n\xe3\x81\x8a\xe4\xbb\x95\xe4\xba\x8b\n\xe3\x83\xbbbp0/1\xe5\x80\x8d/250pt/1\xe6\x9e\x9a\n\xe3\x83\xbbbp1/4\xe5\x80\x8d/1000pt/4\xe6\x9e\x9a\n\xe3\x83\xbbbp2/8\xe5\x80\x8d/2000pt/8\xe6\x9e\x9a\n\xe3\x83\xbbbp3/12\xe5\x80\x8d/3000pt/12\xe6\x9e\x9a\n\n\xe9\x80\x9a\xe5\xb8\xb8\xe3\x83\xa9\xe3\x82\xa4\xe3\x83\x96\n\xe3\x83\xbbbp1/1\xe5\x80\x8d/2000pt+\xce\xb1/10\xe6\x9e\x9a\n\xe3\x83\xbbbp2/2\xe5\x80\x8d/4000pt+\xce\xb1/20\xe6\x9e\x9a\n\xe3\x83\xbbbp3/3\xe5\x80\x8d/6000pt+\xce\xb1/30\xe6\x9e\x9a\n\xe3\x83\xbbbp6/6\xe5\x80\x8d/12000pt+\xce\xb1/60\xe6\x9e\x9a\n\xe3\x83\xbbbp10/10\xe5\x80\x8d/20000pt+\xce\xb1/100\xe6\x9e\x9a\n\xe3\x82\xb9\xe3\x82\xb3\xe3\x82\xa2&amp;\xe3\x82\xa4\xe3\x83\x99\xe3\x82\xb9\xe3\x82\xad\xe3\x83\xab\xe3\x83\x9c\xe3\x83\xbc\xe3\x83\x8a\xe3\x82\xb9\xe6\x9c\x89',Iam2winkP,[],2020-04-01 06:43:47+00:00,184,3474
franfanaraa,"b'today is #worldbipolarday, so let\xe2\x80\x99s learn about this very real mental health condition that is more than \xe2\x80\x9cjust feeling happy and then sad\xe2\x80\x9d. rt to educate someone on your timeline. you are not alone &amp; having a bipolar disorder does not make you a burden. you\xe2\x80\x99re loved! \xf0\x9f\x92\x9a https://t.co/smsxnchd3s'",untactiveminds,"[{'text': 'WorldBipolarDay', 'indices': [29, 45]}]",2020-04-01 06:43:22+00:00,335,297
27_h2o,b'\xe3\x81\x82\xe3\x82\x93\xe3\x82\xb9\xe3\x82\xbf\xef\xbc\x81\xef\xbc\x81music\xe3\x83\xa1\xe3\x83\xa2\n\n\xe3\x81\x8a\xe4\xbb\x95\xe4\xba\x8b\n\xe3\x83\xbbbp0/1\xe5\x80\x8d/250pt/1\xe6\x9e\x9a\n\xe3\x83\xbbbp1/4\xe5\x80\x8d/1000pt/4\xe6\x9e\x9a\n\xe3\x83\xbbbp2/8\xe5\x80\x8d/2000pt/8\xe6\x9e\x9a\n\xe3\x83\xbbbp3/12\xe5\x80\x8d/3000pt/12\xe6\x9e\x9a\n\n\xe9\x80\x9a\xe5\xb8\xb8\xe3\x83\xa9\xe3\x82\xa4\xe3\x83\x96\n\xe3\x83\xbbbp1/1\xe5\x80\x8d/2000pt+\xce\xb1/10\xe6\x9e\x9a\n\xe3\x83\xbbbp2/2\xe5\x80\x8d/4000pt+\xce\xb1/20\xe6\x9e\x9a\n\xe3\x83\xbbbp3/3\xe5\x80\x8d/6000pt+\xce\xb1/30\xe6\x9e\x9a\n\xe3\x83\xbbbp6/6\xe5\x80\x8d/12000pt+\xce\xb1/60\xe6\x9e\x9a\n\xe3\x83\xbbbp10/10\xe5\x80\x8d/20000pt+\xce\xb1/100\xe6\x9e\x9a\n\xe3\x82\xb9\xe3\x82\xb3\xe3\x82\xa2&amp;\xe3\x82\xa4\xe3\x83\x99\xe3\x82\xb9\xe3\x82\xad\xe3\x83\xab\xe3\x83\x9c\xe3\x83\xbc\xe3\x83\x8a\xe3\x82\xb9\xe6\x9c\x89',Iam2winkP,[],2020-04-01 06:41:26+00:00,146,190
amaizaya,b'\xe3\x81\x82\xe3\x82\x93\xe3\x82\xb9\xe3\x82\xbf\xef\xbc\x81\xef\xbc\x81music\xe3\x83\xa1\xe3\x83\xa2\n\n\xe3\x81\x8a\xe4\xbb\x95\xe4\xba\x8b\n\xe3\x83\xbbbp0/1\xe5\x80\x8d/250pt/1\xe6\x9e\x9a\n\xe3\x83\xbbbp1/4\xe5\x80\x8d/1000pt/4\xe6\x9e\x9a\n\xe3\x83\xbbbp2/8\xe5\x80\x8d/2000pt/8\xe6\x9e\x9a\n\xe3\x83\xbbbp3/12\xe5\x80\x8d/3000pt/12\xe6\x9e\x9a\n\n\xe9\x80\x9a\xe5\xb8\xb8\xe3\x83\xa9\xe3\x82\xa4\xe3\x83\x96\n\xe3\x83\xbbbp1/1\xe5\x80\x8d/2000pt+\xce\xb1/10\xe6\x9e\x9a\n\xe3\x83\xbbbp2/2\xe5\x80\x8d/4000pt+\xce\xb1/20\xe6\x9e\x9a\n\xe3\x83\xbbbp3/3\xe5\x80\x8d/6000pt+\xce\xb1/30\xe6\x9e\x9a\n\xe3\x83\xbbbp6/6\xe5\x80\x8d/12000pt+\xce\xb1/60\xe6\x9e\x9a\n\xe3\x83\xbbbp10/10\xe5\x80\x8d/20000pt+\xce\xb1/100\xe6\x9e\x9a\n\xe3\x82\xb9\xe3\x82\xb3\xe3\x82\xa2&amp;\xe3\x82\xa4\xe3\x83\x99\xe3\x82\xb9\xe3\x82\xad\xe3\x83\xab\xe3\x83\x9c\xe3\x83\xbc\xe3\x83\x8a\xe3\x82\xb9\xe6\x9c\x89',Iam2winkP,[],2020-04-01 06:32:44+00:00,739,330
mikeziMaMa,b'\xe3\x83\x9b\xe3\x82\xa4\xe3\x83\x83\xe3\x82\xb9\xe3\x83\xab\xe3\x81\xafbp1\xe5\x9b\x9e\xe5\xbe\xa9\xe3\x81\xaa\xe3\x81\xae\xe3\x81\xad\xef\xbc\x81\xe7\x90\x86\xe8\xa7\xa3\xef\xbc\x81',no retweet username,[],2020-04-01 06:31:26+00:00,28,21
ZoomTV,"b'""i spoke about my bipolar disorder and alcoholism because my biggest family are my fans. they should know exactly where i was and what happened when i was on that break."" - @asliyoyo\n\nwatch his full conversation with @renilabraham_ on #byinviteonly here - https://t.co/czu9ddkfuj https://t.co/xccfayyiix'",no retweet username,[],2020-04-01 06:30:00+00:00,4606789,411
yossy8888_46,b'@yumiki46 \xe3\x81\x84\xe3\x82\x84\xe3\x81\x84\xe3\x82\x84\xef\xbc\x81\xe6\x97\xa9\xe3\x81\x99\xe3\x81\x8e\xe3\x81\xa7\xe3\x81\x97\xe3\x82\x87\xef\xbc\x81\n\xe8\x87\xaa\xe5\x88\x86\xe3\x81\xafbp1\xe3\x81\xa0\xe3\x81\xa8\xe3\x82\xab\xe3\x83\xa1\xe3\x83\xa9\xe8\x90\xbd\xe3\x81\xa1\xe3\x81\xa6\xe3\x81\x8f\xe3\x82\x8c\xe3\x81\xbe\xe3\x81\x9b\xe3\x82\x93\xf0\x9f\x98\xa5',no retweet username,[],2020-04-01 06:26:40+00:00,48,99
as1030Vayri1226,b'\xe3\x81\x82\xe3\x82\x93\xe3\x82\xb9\xe3\x82\xbf\xef\xbc\x81\xef\xbc\x81music\xe3\x83\xa1\xe3\x83\xa2\n\n\xe3\x81\x8a\xe4\xbb\x95\xe4\xba\x8b\n\xe3\x83\xbbbp0/1\xe5\x80\x8d/250pt/1\xe6\x9e\x9a\n\xe3\x83\xbbbp1/4\xe5\x80\x8d/1000pt/4\xe6\x9e\x9a\n\xe3\x83\xbbbp2/8\xe5\x80\x8d/2000pt/8\xe6\x9e\x9a\n\xe3\x83\xbbbp3/12\xe5\x80\x8d/3000pt/12\xe6\x9e\x9a\n\n\xe9\x80\x9a\xe5\xb8\xb8\xe3\x83\xa9\xe3\x82\xa4\xe3\x83\x96\n\xe3\x83\xbbbp1/1\xe5\x80\x8d/2000pt+\xce\xb1/10\xe6\x9e\x9a\n\xe3\x83\xbbbp2/2\xe5\x80\x8d/4000pt+\xce\xb1/20\xe6\x9e\x9a\n\xe3\x83\xbbbp3/3\xe5\x80\x8d/6000pt+\xce\xb1/30\xe6\x9e\x9a\n\xe3\x83\xbbbp6/6\xe5\x80\x8d/12000pt+\xce\xb1/60\xe6\x9e\x9a\n\xe3\x83\xbbbp10/10\xe5\x80\x8d/20000pt+\xce\xb1/100\xe6\x9e\x9a\n\xe3\x82\xb9\xe3\x82\xb3\xe3\x82\xa2&amp;\xe3\x82\xa4\xe3\x83\x99\xe3\x82\xb9\xe3\x82\xad\xe3\x83\xab\xe3\x83\x9c\xe3\x83\xbc\xe3\x83\x8a\xe3\x82\xb9\xe6\x9c\x89',Iam2winkP,[],2020-04-01 06:23:44+00:00,187,275
yk29_1028,b'\xe3\x80\x90music\xe3\x80\x91\xe3\x82\xa4\xe3\x83\x99\xe3\x83\xb3\xe3\x83\x88\xe3\x81\xab\xe3\x81\x8a\xe3\x81\x91\xe3\x82\x8bbp\nbp0\xe3\x81\xae\xe5\xa0\xb4\xe5\x90\x88\n\xe3\x83\xa9\xe3\x82\xa4\xe3\x83\x96\xef\xbc\x9a\xe3\x83\x91\xe3\x82\xb90\xe5\x80\x8b\xe3\x80\x80pt+0\n\xe3\x81\x8a\xe4\xbb\x95\xe4\xba\x8b\xef\xbc\x9a\xe3\x83\x91\xe3\x82\xb91\xe5\x80\x8b\xe3\x80\x80pt+250\n\nbp1\xe3\x81\xae\xe5\xa0\xb4\xe5\x90\x88\n\xe3\x83\xa9\xe3\x82\xa4\xe3\x83\x96\xef\xbc\x9a\xe3\x83\x91\xe3\x82\xb910\xe5\x80\x8b\xe3\x80\x80pt+2000\n\xe3\x81\x8a\xe4\xbb\x95\xe4\xba\x8b\xef\xbc\x9a\xe3\x83\x91\xe3\x82\xb94\xe5\x80\x8b\xe3\x80\x80\xe3\x80\x80pt+1000\n\nbp2\xe3\x81\xae\xe5\xa0\xb4\xe5\x90\x88\n\xe3\x83\xa9\xe3\x82\xa4\xe3\x83\x96\xef\xbc\x9a\xe3\x83\x91\xe3\x82\xb920\xe5\x80\x8b\xe3\x80\x80pt+4000\n\xe3\x81\x8a\xe4\xbb\x95\xe4\xba\x8b\xef\xbc\x9a\xe3\x83\x91\xe3\x82\xb98\xe5\x80\x8b\xe3\x80\x80\xe3\x80\x80pt+2000\n\n\xe3\x83\xa9\xe3\x82\xa4\xe3\x83\x96\xe3\x81\xa7\xe3\x81\xaf\xe3\x82\xb9\xe3\x82\xb3\xe3\x82\xa2\xe3\x83\x9c\xe3\x83\xbc\xe3\x83\x8a\xe3\x82\xb9\xe3\x80\x81\xe3\x82\xa4\xe3\x83\x99\xe3\x83\xb3\xe3\x83\x88\xe3\x82\xb9\xe3\x82\xad\xe3\x83\xab\xe3\x83\x9c\xe3\x83\xbc\xe3\x83\x8a\xe3\x82\xb9\xe3\x82\x82pt\xe3\x81\xab\xe5\x8a\xa0\xe7\xae\x97\xe3\x81\x95\xe3\x82\x8c\xe3\x82\x8b\xe3\x80\x82 https://t.co/iuaftgvesd',1128zu,[],2020-04-01 06:20:38+00:00,39,212
amiyaki673,b'@mooooos777 bp1\xe3\x81\xa7\xe5\x9b\x9e\xe3\x81\x97\xe3\x81\x9f\xe6\x96\xb9\xe3\x81\x8c\xe3\x81\x84\xe3\x81\x84\xe3\x81\xa3\xe3\x81\xbd\xe3\x81\x84\xef\xbc\x88\xe3\x81\xaa\xe3\x81\x8a\xe6\x99\x82\xe9\x96\x93\xe3\x81\x8c\xe3\x81\xaa\xe3\x81\x84\xe3\x81\xae\xe3\x81\xa73\xef\xbc\x89',no retweet username,[],2020-04-01 06:08:19+00:00,817,497
Artscreations,b'bipolar disorder is better known as manic depression https://t.co/dhzez9evlv',no retweet username,[],2020-04-01 06:07:16+00:00,13650,1475
ugetsu0407,b'\xe3\x81\x82\xe3\x82\x93\xe3\x82\xb9\xe3\x82\xbf\xef\xbc\x81\xef\xbc\x81music\xe3\x83\xa1\xe3\x83\xa2\n\n\xe3\x81\x8a\xe4\xbb\x95\xe4\xba\x8b\n\xe3\x83\xbbbp0/1\xe5\x80\x8d/250pt/1\xe6\x9e\x9a\n\xe3\x83\xbbbp1/4\xe5\x80\x8d/1000pt/4\xe6\x9e\x9a\n\xe3\x83\xbbbp2/8\xe5\x80\x8d/2000pt/8\xe6\x9e\x9a\n\xe3\x83\xbbbp3/12\xe5\x80\x8d/3000pt/12\xe6\x9e\x9a\n\n\xe9\x80\x9a\xe5\xb8\xb8\xe3\x83\xa9\xe3\x82\xa4\xe3\x83\x96\n\xe3\x83\xbbbp1/1\xe5\x80\x8d/2000pt+\xce\xb1/10\xe6\x9e\x9a\n\xe3\x83\xbbbp2/2\xe5\x80\x8d/4000pt+\xce\xb1/20\xe6\x9e\x9a\n\xe3\x83\xbbbp3/3\xe5\x80\x8d/6000pt+\xce\xb1/30\xe6\x9e\x9a\n\xe3\x83\xbbbp6/6\xe5\x80\x8d/12000pt+\xce\xb1/60\xe6\x9e\x9a\n\xe3\x83\xbbbp10/10\xe5\x80\x8d/20000pt+\xce\xb1/100\xe6\x9e\x9a\n\xe3\x82\xb9\xe3\x82\xb3\xe3\x82\xa2&amp;\xe3\x82\xa4\xe3\x83\x99\xe3\x82\xb9\xe3\x82\xad\xe3\x83\xab\xe3\x83\x9c\xe3\x83\xbc\xe3\x83\x8a\xe3\x82\xb9\xe6\x9c\x89',Iam2winkP,[],2020-04-01 06:03:17+00:00,22,835
RAW_GameBoy,b'\xe3\x80\x90dbd\xe3\x80\x91#275 \xef\xbc\x81bp1.5\xe5\x80\x8d\xef\xbc\x81dead by daylight\xe3\x80\x90\xe3\x83\x87\xe3\x83\x83\xe3\x83\x89\xe3\x83\x90\xe3\x82\xa4\xe3\x83\x87\xe3\x82\xa4\xe3\x83\xa9\xe3\x82\xa4\xe3\x83\x88\xe3\x80\x91 https://t.co/spu2uclpa7 \n\n\xe3\x81\x95\xe3\x81\x82\xe8\xa1\x8c\xe3\x81\x8f\xe3\x81\x9e\xef\xbc\x81\xe9\xa0\x91\xe5\xbc\xb5\xe3\x82\x8b\xe3\x81\x9e\xef\xbc\x81',gft_game,[],2020-04-01 05:58:54+00:00,157,197
mooooos777,b'\xe3\x81\x93\xe3\x82\x8cbp1\xe3\x81\xa7\xe5\x9b\x9e\xe3\x81\x97\xe3\x81\x9f\xe6\x96\xb9\xe3\x81\x8c\xe5\x8a\xb9\xe7\x8e\x87\xe3\x81\x84\xe3\x81\x84\xe3\x81\xae\xef\xbc\x9f\nbp10\xe4\xbd\xbf\xe3\x81\x86\xe3\x81\xae\xe3\x81\xa8\xe3\x81\xa9\xe3\x81\xa3\xe3\x81\xa1\xe3\x81\x8c\xe8\x89\xaf\xe3\x81\x84\xe3\x82\x93\xe3\x81\xa0\xe3\x82\x8d\xef\xbc\x9f\n\xe6\xa4\x9c\xe8\xa8\xbc\xe3\x81\x97\xe3\x81\x9f\xe3\x81\x84\xe3\x81\x91\xe3\x81\xa9\xe3\x83\x80\xe3\x82\xa4\xe3\x83\xa4\xe3\x81\x8c\xe3\x81\xaa\xe3\x81\x81\xe3\x80\x9c\xe3\x80\x9c\xe3\x80\x9c\n\xe8\x87\xaa\xe7\x84\xb6\xe5\x9b\x9e\xe5\xbe\xa9\xe5\xbe\x85\xe3\x81\xa3\xe3\x81\xa6\xe3\x82\x89\xe3\x82\x8c\xe3\x82\x93\xe3\x81\x97\xe3\x81\xaa\xe3\x80\x9c\xe3\x80\x9c\xe3\x80\x9c',no retweet username,[],2020-04-01 05:56:29+00:00,27,50
sakuraraguna,b'\xe3\x81\x82\xe3\x82\x93\xe3\x82\xb9\xe3\x82\xbfmusic\xe3\x82\x81\xe3\x81\xa3\xe3\x81\xa1\xe3\x82\x83\xe8\x90\xbd\xe3\x81\xa1\xe3\x82\x8b\xe3\x81\x8b\xe3\x82\x89bp\xc3\x9710\xe3\x81\xa8\xe3\x81\x8b\xe6\x80\x96\xe3\x81\x8f\xe3\x81\xa6\xe5\x87\xba\xe6\x9d\xa5\xe3\x81\xaa\xe3\x81\x84\xe7\x84\xa1\xe9\xa7\x84\xe3\x81\xab\xe3\x81\xaa\xe3\x82\x8b\xe6\x99\x82\xe3\x82\x92\xe8\x80\x83\xe3\x81\x88\xe3\x82\x8b\xe3\x81\xa8\xe6\x99\x82\xe9\x96\x93\xe3\x81\x8b\xe3\x81\x8b\xe3\x81\xa3\xe3\x81\xa6\xe3\x82\x82bp1\xe3\x81\x8c\xe5\xae\x89\xe5\x85\xa8\xe3\x81\xa0...\xe3\x83\x91\xe3\x82\xb9\xef\xbc\x9f\xe3\x82\x82\xe3\x81\xaa\xe3\x82\x93\xe3\x81\x8b\xe9\x80\x94\xe4\xb8\xad\xe3\x81\xa7\xe8\x90\xbd\xe3\x81\xa1\xe3\x81\x9f\xe3\x82\x89\xe3\x83\x80\xe3\x82\xa4\xe3\x83\xa4\xe7\xa0\x95\xe3\x81\x8b\xe3\x81\xaa\xe3\x81\x84\xe3\x81\xa8\xe5\x86\x8d\xe9\x96\x8b\xe3\x81\xa7\xe3\x81\x8d\xe3\x81\xaa\xe3\x81\x84\xe3\x81\xbf\xe3\x81\x9f\xe3\x81\x84\xe3\x81\xa0\xe3\x81\x97\xe3\x81\xaa\xe3\x82\x93\xe3\x81\x8b\xe4\xbb\x95\xe6\xa7\x98\xe3\x81\x8c\xe3\x81\x8a\xe3\x81\x8b\xe3\x81\x97\xe3\x81\x8f\xe3\x81\xaa\xe3\x81\x84\xe3\x81\x8b...',no retweet username,[],2020-04-01 05:42:53+00:00,155,177
leki_Haibane,b'\xe3\x80\x90pc\xe7\x89\x88dbd\xe3\x80\x91bp1.5\xe5\x80\x8d\xe3\x81\xa0\xe3\x81\x82\xe3\x81\x82\xe3\x81\x82\xe3\x81\x82\xe3\x81\x82\xe3\x81\x82\xe3\x81\x82\xe3\x81\x82 https://t.co/pj0tugad7r',no retweet username,[],2020-04-01 05:37:06+00:00,298,893
melapearse,b'so is squidward an undiagnosed bipolar or does he just have manic depression',no retweet username,[],2020-04-01 05:32:30+00:00,179,107
pippaliciousj,"b'tw: mention of suicide\n\ni should have pointed this one out on #worldbipolarday .\n\n20%, yes you read that right, 1 in 5 people with bipolar disorder commit suicide.  \n\nbe there for your loved ones in these troubled times.  \xe2\x9d\xa4 https://t.co/wm6hvwoh9c'",Mal47C,"[{'text': 'WorldBipolarDay', 'indices': [74, 90]}]",2020-04-01 05:25:38+00:00,3981,5000
168AoiZumi,b'\xe3\x81\x82\xe3\x82\x93\xe3\x82\xb9\xe3\x82\xbf\xef\xbc\x81\xef\xbc\x81music\xe3\x83\xa1\xe3\x83\xa2\n\n\xe3\x81\x8a\xe4\xbb\x95\xe4\xba\x8b\n\xe3\x83\xbbbp0/1\xe5\x80\x8d/250pt/1\xe6\x9e\x9a\n\xe3\x83\xbbbp1/4\xe5\x80\x8d/1000pt/4\xe6\x9e\x9a\n\xe3\x83\xbbbp2/8\xe5\x80\x8d/2000pt/8\xe6\x9e\x9a\n\xe3\x83\xbbbp3/12\xe5\x80\x8d/3000pt/12\xe6\x9e\x9a\n\n\xe9\x80\x9a\xe5\xb8\xb8\xe3\x83\xa9\xe3\x82\xa4\xe3\x83\x96\n\xe3\x83\xbbbp1/1\xe5\x80\x8d/2000pt+\xce\xb1/10\xe6\x9e\x9a\n\xe3\x83\xbbbp2/2\xe5\x80\x8d/4000pt+\xce\xb1/20\xe6\x9e\x9a\n\xe3\x83\xbbbp3/3\xe5\x80\x8d/6000pt+\xce\xb1/30\xe6\x9e\x9a\n\xe3\x83\xbbbp6/6\xe5\x80\x8d/12000pt+\xce\xb1/60\xe6\x9e\x9a\n\xe3\x83\xbbbp10/10\xe5\x80\x8d/20000pt+\xce\xb1/100\xe6\x9e\x9a\n\xe3\x82\xb9\xe3\x82\xb3\xe3\x82\xa2&amp;\xe3\x82\xa4\xe3\x83\x99\xe3\x82\xb9\xe3\x82\xad\xe3\x83\xab\xe3\x83\x9c\xe3\x83\xbc\xe3\x83\x8a\xe3\x82\xb9\xe6\x9c\x89',Iam2winkP,[],2020-04-01 05:24:55+00:00,91,96
trilmonte,"b'@jetthejudge yep. back in like...2012 when i was making my first delve into rap. bp1 and tba were regarded as classics, so i peeped. \n\ni put those albums in rotation for that whole summer but the only tracks i liked were heart of the city and psa.'",no retweet username,[],2020-04-01 05:18:30+00:00,131,147
soutyou25,b'\xe3\x82\x84\xe3\x81\xb0\xe3\x81\x84\xe3\x82\x84\xe3\x81\xb0\xe3\x81\x84\xe3\x82\x84\xe3\x81\xb0\xe3\x81\x84\xef\xbc\x81\xef\xbc\x81\n\n\xe3\x81\x82\xe3\x81\xa4\xe6\xa3\xae\xe3\x81\xaf\xe3\x82\xa4\xe3\x83\xbc\xe3\x82\xb9\xe3\x82\xbf\xe3\x83\xbc\xe3\x81\xa0\xe3\x81\x97\n\n\xe3\x83\x87\xe3\x83\x89\xe3\x83\x90\xe3\x81\xaf15\xe6\x97\xa5\xe3\x81\xbe\xe3\x81\xa7bp1.5\xe5\x80\x8d\xe3\x81\xa0\xe3\x81\x97\n\n\xe3\x83\xa2\xe3\x83\xb3\xe3\x83\x8f\xe3\x83\xb3\xe3\x81\xaf\xe3\x82\xa4\xe3\x83\x99\xe3\x82\xaf\xe3\x82\xa8\xe3\x81\x8d\xe3\x81\xa6\xe3\x82\x8b\xe3\x81\x97\xe3\x80\x81\xe3\x83\x9e\xe3\x83\xa0\xe3\x81\xaf10\xe6\x97\xa5\xe3\x81\xbe\xe3\x81\xa7\xe3\x81\xa0\xe3\x81\x97\n\n\xe3\x82\xaa\xe3\x83\xbc\xe3\x83\x90\xe3\x83\xbc\xe3\x82\xa6\xe3\x82\xa9\xe3\x83\x83\xe3\x83\x81\xe3\x81\xaf\xe3\x80\x81\xe3\x82\xa4\xe3\x83\x99\xe3\x83\xb3\xe3\x83\x883\xe6\x97\xa5\xe3\x81\xbe\xe3\x81\xa7\xe3\x81\xa0\xe3\x81\x97\xef\xbc\x81\xef\xbc\x81\n\n\xe3\x82\x84\xe3\x82\x8b\xe4\xba\x8b\xe3\x81\x82\xe3\x82\x8a\xe9\x81\x8e\xe3\x81\x8e\xe3\x81\xa6\xe5\xb9\xb8\xe3\x81\x9b\xe3\x81\xa0\xe3\x81\x91\xe3\x81\xa9\xe3\x80\x81\xe5\x88\x86\xe8\xba\xab\xe3\x81\x97\xe3\x81\x9f\xe3\x81\x84\xef\xbc\x81\xef\xbc\x81\xef\xbc\x81\xef\xbc\x81\xef\xbc\x81',no retweet username,[],2020-04-01 05:14:02+00:00,443,529
NAMI_Tulsa,b'we just posted this article: https://t.co/toxefm8hsc: actor chyler leigh speaks up about her bipolar disorder: https://t.co/gowphvjgio',no retweet username,[],2020-04-01 05:13:05+00:00,37,6
gft_game,b'\xe3\x80\x90dbd\xe3\x80\x91#275 \xef\xbc\x81bp1.5\xe5\x80\x8d\xef\xbc\x81dead by daylight\xe3\x80\x90\xe3\x83\x87\xe3\x83\x83\xe3\x83\x89\xe3\x83\x90\xe3\x82\xa4\xe3\x83\x87\xe3\x82\xa4\xe3\x83\xa9\xe3\x82\xa4\xe3\x83\x88\xe3\x80\x91 https://t.co/spu2uclpa7 \n\n\xe3\x81\x95\xe3\x81\x82\xe8\xa1\x8c\xe3\x81\x8f\xe3\x81\x9e\xef\xbc\x81\xe9\xa0\x91\xe5\xbc\xb5\xe3\x82\x8b\xe3\x81\x9e\xef\xbc\x81',no retweet username,[],2020-04-01 05:10:34+00:00,182,97
OhN50,b'\xe3\x81\x82\xe3\x82\x93\xe3\x82\xb9\xe3\x82\xbf\xef\xbc\x81\xef\xbc\x81music\xe3\x83\xa1\xe3\x83\xa2\n\n\xe3\x81\x8a\xe4\xbb\x95\xe4\xba\x8b\n\xe3\x83\xbbbp0/1\xe5\x80\x8d/250pt/1\xe6\x9e\x9a\n\xe3\x83\xbbbp1/4\xe5\x80\x8d/1000pt/4\xe6\x9e\x9a\n\xe3\x83\xbbbp2/8\xe5\x80\x8d/2000pt/8\xe6\x9e\x9a\n\xe3\x83\xbbbp3/12\xe5\x80\x8d/3000pt/12\xe6\x9e\x9a\n\n\xe9\x80\x9a\xe5\xb8\xb8\xe3\x83\xa9\xe3\x82\xa4\xe3\x83\x96\n\xe3\x83\xbbbp1/1\xe5\x80\x8d/2000pt+\xce\xb1/10\xe6\x9e\x9a\n\xe3\x83\xbbbp2/2\xe5\x80\x8d/4000pt+\xce\xb1/20\xe6\x9e\x9a\n\xe3\x83\xbbbp3/3\xe5\x80\x8d/6000pt+\xce\xb1/30\xe6\x9e\x9a\n\xe3\x83\xbbbp6/6\xe5\x80\x8d/12000pt+\xce\xb1/60\xe6\x9e\x9a\n\xe3\x83\xbbbp10/10\xe5\x80\x8d/20000pt+\xce\xb1/100\xe6\x9e\x9a\n\xe3\x82\xb9\xe3\x82\xb3\xe3\x82\xa2&amp;\xe3\x82\xa4\xe3\x83\x99\xe3\x82\xb9\xe3\x82\xad\xe3\x83\xab\xe3\x83\x9c\xe3\x83\xbc\xe3\x83\x8a\xe3\x82\xb9\xe6\x9c\x89',Iam2winkP,[],2020-04-01 05:07:33+00:00,339,347
mmyykoo,b'\xe7\xaf\x80\xe7\xb4\x84\xe3\x81\x99\xe3\x82\x8b\xe3\x81\xaa\xe3\x82\x89bp 0\xe3\x81\xa7\xe3\x82\xb3\xe3\x83\x9e\xe3\x82\xb3\xe3\x83\x9e\xe7\xb5\x8c\xe9\xa8\x93\xe5\x80\xa4\xe7\xa9\x8d\xe3\x82\x80\xe3\x82\x88\xe3\x82\x8abp1\xe3\x81\x9a\xe3\x81\xa4\xe6\xb6\x88\xe8\xb2\xbb\xe3\x81\x99\xe3\x82\x8b\xe3\x81\xbb\xe3\x81\x86\xe3\x81\x8c\xe7\xb5\x8c\xe9\xa8\x93\xe5\x80\xa4\xe7\xa8\xbc\xe3\x81\x92\xe3\x82\x8b\xe3\x81\x8b\xe3\x82\x89\xe3\x81\x8a\xe5\xbe\x97\xe3\x81\x8b\xe2\x80\xa6\xe2\x80\xa6',no retweet username,[],2020-04-01 05:04:00+00:00,71,33
yakkai_mero_tmt,b'bp1\xe3\x81\xa7\xe3\x82\x84\xe3\x81\xa3\xe3\x81\x9f\xe3\x82\x89\xe3\x81\x93\xe3\x82\x8c\xe3\x81\xa0\xe3\x81\xa3\xe3\x81\x9f\xe3\x82\x93\xe3\x81\xa0\xe3\x81\x91\xe3\x81\xa9\xe3\x81\x82\xe3\x82\x93\xe3\x81\xbe\xe3\x82\x8a\xe3\x81\x99\xe3\x81\x8e\xe3\x81\xaa\xe3\x81\x84\xef\xbc\x9f https://t.co/2sffpb9eva',no retweet username,[],2020-04-01 05:01:46+00:00,412,329
OAlGurg,b'living vicariously through my instagram posts @ mental ward https://t.co/jqjyfumgyv',no retweet username,[],2020-04-01 05:00:39+00:00,588,222
shariffsilas,"b'#ozarkseason3 ben davis (tom pelphrey) enactment of bipolar disorder, with word associations, pressured speech, tangential speech, depressive crying, normalcy was done authentically. adulation to tom for his performance. \n\nhis reality and breakdown in reality https://t.co/rz8jtvnmze'",iammm_love,"[{'text': 'Ozarkseason3', 'indices': [20, 33]}]",2020-04-01 04:48:25+00:00,477,241
Edvaldo71383333,b'como \xc3\x89 ouvir vozes? | mania do transtorno bipolar https://t.co/nml6s36c8d via @youtube',Fabiopf08Fabio,[],2020-04-01 04:47:46+00:00,758,588
Fabiopf08Fabio,b'como \xc3\x89 ouvir vozes? | mania do transtorno bipolar https://t.co/nml6s36c8d via @youtube',no retweet username,[],2020-04-01 04:35:09+00:00,22081,24277
mk_snidel06,b'\xe3\x81\x82\xe3\x82\x93\xe3\x82\xb9\xe3\x82\xbf\xef\xbc\x81\xef\xbc\x81music\xe3\x83\xa1\xe3\x83\xa2\n\n\xe3\x81\x8a\xe4\xbb\x95\xe4\xba\x8b\n\xe3\x83\xbbbp0/1\xe5\x80\x8d/250pt/1\xe6\x9e\x9a\n\xe3\x83\xbbbp1/4\xe5\x80\x8d/1000pt/4\xe6\x9e\x9a\n\xe3\x83\xbbbp2/8\xe5\x80\x8d/2000pt/8\xe6\x9e\x9a\n\xe3\x83\xbbbp3/12\xe5\x80\x8d/3000pt/12\xe6\x9e\x9a\n\n\xe9\x80\x9a\xe5\xb8\xb8\xe3\x83\xa9\xe3\x82\xa4\xe3\x83\x96\n\xe3\x83\xbbbp1/1\xe5\x80\x8d/2000pt+\xce\xb1/10\xe6\x9e\x9a\n\xe3\x83\xbbbp2/2\xe5\x80\x8d/4000pt+\xce\xb1/20\xe6\x9e\x9a\n\xe3\x83\xbbbp3/3\xe5\x80\x8d/6000pt+\xce\xb1/30\xe6\x9e\x9a\n\xe3\x83\xbbbp6/6\xe5\x80\x8d/12000pt+\xce\xb1/60\xe6\x9e\x9a\n\xe3\x83\xbbbp10/10\xe5\x80\x8d/20000pt+\xce\xb1/100\xe6\x9e\x9a\n\xe3\x82\xb9\xe3\x82\xb3\xe3\x82\xa2&amp;\xe3\x82\xa4\xe3\x83\x99\xe3\x82\xb9\xe3\x82\xad\xe3\x83\xab\xe3\x83\x9c\xe3\x83\xbc\xe3\x83\x8a\xe3\x82\xb9\xe6\x9c\x89',Iam2winkP,[],2020-04-01 04:28:12+00:00,63,3048
ensemble1120,b'\xe3\x81\x82\xe3\x82\x93\xe3\x82\xb9\xe3\x82\xbf\xef\xbc\x81\xef\xbc\x81music\xe3\x83\xa1\xe3\x83\xa2\n\n\xe3\x81\x8a\xe4\xbb\x95\xe4\xba\x8b\n\xe3\x83\xbbbp0/1\xe5\x80\x8d/250pt/1\xe6\x9e\x9a\n\xe3\x83\xbbbp1/4\xe5\x80\x8d/1000pt/4\xe6\x9e\x9a\n\xe3\x83\xbbbp2/8\xe5\x80\x8d/2000pt/8\xe6\x9e\x9a\n\xe3\x83\xbbbp3/12\xe5\x80\x8d/3000pt/12\xe6\x9e\x9a\n\n\xe9\x80\x9a\xe5\xb8\xb8\xe3\x83\xa9\xe3\x82\xa4\xe3\x83\x96\n\xe3\x83\xbbbp1/1\xe5\x80\x8d/2000pt+\xce\xb1/10\xe6\x9e\x9a\n\xe3\x83\xbbbp2/2\xe5\x80\x8d/4000pt+\xce\xb1/20\xe6\x9e\x9a\n\xe3\x83\xbbbp3/3\xe5\x80\x8d/6000pt+\xce\xb1/30\xe6\x9e\x9a\n\xe3\x83\xbbbp6/6\xe5\x80\x8d/12000pt+\xce\xb1/60\xe6\x9e\x9a\n\xe3\x83\xbbbp10/10\xe5\x80\x8d/20000pt+\xce\xb1/100\xe6\x9e\x9a\n\xe3\x82\xb9\xe3\x82\xb3\xe3\x82\xa2&amp;\xe3\x82\xa4\xe3\x83\x99\xe3\x82\xb9\xe3\x82\xad\xe3\x83\xab\xe3\x83\x9c\xe3\x83\xbc\xe3\x83\x8a\xe3\x82\xb9\xe6\x9c\x89',Iam2winkP,[],2020-04-01 04:22:28+00:00,9,310
melosuto,b'\xe3\x81\x82\xe3\x82\x93\xe3\x82\xb9\xe3\x82\xbf\xef\xbc\x81\xef\xbc\x81music\xe3\x83\xa1\xe3\x83\xa2\n\n\xe3\x81\x8a\xe4\xbb\x95\xe4\xba\x8b\n\xe3\x83\xbbbp0/1\xe5\x80\x8d/250pt/1\xe6\x9e\x9a\n\xe3\x83\xbbbp1/4\xe5\x80\x8d/1000pt/4\xe6\x9e\x9a\n\xe3\x83\xbbbp2/8\xe5\x80\x8d/2000pt/8\xe6\x9e\x9a\n\xe3\x83\xbbbp3/12\xe5\x80\x8d/3000pt/12\xe6\x9e\x9a\n\n\xe9\x80\x9a\xe5\xb8\xb8\xe3\x83\xa9\xe3\x82\xa4\xe3\x83\x96\n\xe3\x83\xbbbp1/1\xe5\x80\x8d/2000pt+\xce\xb1/10\xe6\x9e\x9a\n\xe3\x83\xbbbp2/2\xe5\x80\x8d/4000pt+\xce\xb1/20\xe6\x9e\x9a\n\xe3\x83\xbbbp3/3\xe5\x80\x8d/6000pt+\xce\xb1/30\xe6\x9e\x9a\n\xe3\x83\xbbbp6/6\xe5\x80\x8d/12000pt+\xce\xb1/60\xe6\x9e\x9a\n\xe3\x83\xbbbp10/10\xe5\x80\x8d/20000pt+\xce\xb1/100\xe6\x9e\x9a\n\xe3\x82\xb9\xe3\x82\xb3\xe3\x82\xa2&amp;\xe3\x82\xa4\xe3\x83\x99\xe3\x82\xb9\xe3\x82\xad\xe3\x83\xab\xe3\x83\x9c\xe3\x83\xbc\xe3\x83\x8a\xe3\x82\xb9\xe6\x9c\x89',Iam2winkP,[],2020-04-01 04:21:41+00:00,154,1006
pypy_712,b'music\xe3\x81\xae\xe8\xb5\xb0\xe3\x82\x8a\xe6\x96\xb9\xe3\x82\xa4\xe3\x83\x9e\xe3\x82\xa4\xe3\x83\x81\xe3\x82\x8f\xe3\x81\x8b\xe3\x82\x89\xe3\x81\xaa\xe3\x81\x84\xe3\x81\x91\xe3\x81\xa9\xe3\x80\x81\xe3\x83\x91\xe3\x82\xb9\xe3\x82\x92500\xe6\x9e\x9a\xe9\xa0\x91\xe5\xbc\xb5\xe3\x81\xa3\xe3\x81\xa6\xe8\xb2\xaf\xe3\x82\x81\xe3\x81\xa6\xe6\x96\xb0\xe6\x9b\xb2\xe3\x81\xa7\xe4\xb8\x80\xe6\xb0\x97\xe3\x81\xab\xe5\x8f\xa9\xe3\x81\x84\xe3\x81\xa6\xe3\x80\x81bp\xe7\x84\xa1\xe3\x81\x84\xe3\x81\xa8\xe3\x81\x8d\xe3\x81\xaf\xe3\x81\x8a\xe4\xbb\x95\xe4\xba\x8b\xe3\x81\xa7250\xe7\xa8\xbc\xe3\x81\x90\xe3\x81\xa3\xe3\x81\xa6\xe6\x84\x9f\xe3\x81\x98\xef\xbc\x9f\n\xe7\x89\xb9\xe6\x94\xbb\xe7\xa9\x8d\xe3\x82\x93\xe3\x81\xa0\xe6\x9c\xaa\xe5\xae\x8c\xe6\x88\x90\xe3\x83\x91\xe3\x83\xbc\xe3\x83\x86\xe3\x82\xa3\xe3\x83\xbc\xe3\x81\xa7\xe3\x82\x88\xe3\x81\x86\xe3\x82\x84\xe3\x81\x8fbp1\xe3\x81\xa74000\xe7\xa8\xbc\xe3\x81\x92\xe3\x82\x8b\xe3\x81\x90\xe3\x82\x89\xe3\x81\x84\xe3\x81\xbe\xe3\x81\xa7\xe6\x9d\xa5\xe3\x81\x9f\xe3\x81\x91\xe3\x81\xa9\xe3\x80\x81\xe3\x81\x93\xe3\x82\x8c\xe4\xbd\x95\xe3\x82\x82\xe7\xa9\x8d\xe3\x82\x93\xe3\x81\xa7\xe3\x81\xaa\xe3\x81\x8b\xe3\x81\xa3\xe3\x81\x9f\xe3\x82\x89\xe3\x81\x95\xe3\x81\x99\xe3\x81\x8c\xe3\x81\xab\xe5\x8e\xb3\xe3\x81\x97\xe3\x81\x84\xe3\x81\xa8\xe6\x80\x9d\xe3\x81\x86',no retweet username,[],2020-04-01 04:19:23+00:00,137,103
nikkimarie3389,b'it\xe2\x80\x99s #worldbipolarday &amp; i salute our hero author @mauricebenard for his candor &amp; caring heart. he\xe2\x80\x99s bipolar. through his honesty so many are understanding life w this psychological disorder. his book nothing general about it drops nxt tuesday. it\xe2\x80\x99s the raw truth &amp; you\xe2\x80\x99ll love it! https://t.co/hnl6vhpvhz',lisasharkey,"[{'text': 'WorldBipolarDay', 'indices': [22, 38]}]",2020-04-01 04:19:17+00:00,29,252
lesskayy,b'hi i\xe2\x80\x99m missy + i\xe2\x80\x99m a hot ass bitch who suffers from manic depression and bipolar disorder type 1 + that\xe2\x80\x99s okay \xf0\x9f\x92\x8b\xf0\x9f\xa6\x8b https://t.co/ltuuqbvva5',MissyMaye23,[],2020-04-01 04:14:24+00:00,1768,667
Dr_blatant,b'@devduttmyth u mst hv been suffering from bipolar. mania. nd ocd',no retweet username,[],2020-04-01 04:05:09+00:00,127,1814
mmmm_tp,b'\xe2\xad\x90\xef\xb8\x8emusic\xe8\x87\xaa\xe5\x88\x86\xe7\x94\xa8\xe5\x82\x99\xe5\xbf\x98\xe9\x8c\xb2\n\xe2\x91\xa0\xe3\x82\xb9\xe3\x82\xb3\xe3\x82\xa2\xe3\x83\x9c\xe3\x83\xbc\xe3\x83\x8a\xe3\x82\xb9\xe3\x81\xaf\xe3\x83\x95\xe3\x83\xab\xe3\x82\xb3\xe3\x83\xb3\xe3\x81\x97\xe3\x81\x9f\xe5\xa0\xb4\xe5\x90\x88\xe3\x81\xaf\xe5\x83\x85\xe3\x81\x8b\xe3\x81\xaa\xe3\x81\x8c\xe3\x82\x89expert\xe3\x81\x8c\xe4\xb8\x80\xe7\x95\xaa\xe8\xb2\xb0\xe3\x81\x88\xe3\x82\x8b\n(\xe7\x94\xbb\xe5\x83\x8f1\xe6\x9e\x9a\xe7\x9b\xae\xe3\x81\x8c\xe3\x83\x8e\xe3\x83\xbc\xe3\x83\x9e\xe3\x83\xab\xe3\x80\x812\xe6\x9e\x9a\xe7\x9b\xae\xe3\x81\x8c\xe3\x83\x8f\xe3\x83\xbc\xe3\x83\x89\xe3\x80\x813\xe6\x9e\x9a\xe7\x9b\xae\xe3\x81\x8c\xe3\x82\xa8\xe3\x82\xad\xe3\x82\xb9\xe3\x83\x91\xe3\x83\xbc\xe3\x83\x88)\n\n\xe2\x91\xa1\xe3\x81\xa9\xe3\x81\xae\xe9\x9b\xa3\xe6\x98\x93\xe5\xba\xa6\xe3\x81\xa7\xe3\x82\x82\xe8\xb2\xb0\xe3\x81\x88\xe3\x82\x8b\xe5\x9f\xba\xe6\x9c\xac\xe3\x82\xa4\xe3\x83\x99\xe3\x83\xb3\xe3\x83\x88pt\xe3\x81\xa8\xe5\x8f\x82\xe5\x8a\xa0\xe3\x83\x91\xe3\x82\xb9\xe3\x81\xae\xe6\x9e\x9a\xe6\x95\xb0\xe3\x81\xaf\xe5\x90\x8c\xe3\x81\x98\n(bp1\xe6\xb6\x88\xe8\xb2\xbb\xe3\x81\xae\xe5\xa0\xb4\xe5\x90\x88\xe3\x80\x811\xe6\x9b\xb2\xe3\x83\x97\xe3\x83\xac\xe3\x82\xa4\xe3\x81\xa7\xe5\x9f\xba\xe6\x9c\xac\xe3\x82\xa4\xe3\x83\x99\xe3\x83\xb3\xe3\x83\x88pt\xe3\x81\xaf2000p\xe3\x80\x81\xe5\x8f\x82\xe5\x8a\xa0\xe3\x83\x91\xe3\x82\xb9\xe3\x81\xaf10\xe6\x9e\x9a) https://t.co/bb9cd0o0bl',KARIN_TO54,[],2020-04-01 04:03:42+00:00,58,49
clocktowne,b'confession i try really hard not to think about manic depression symptoms because my dad &amp; brother both have it &amp; i\xe2\x80\x99m just. \xf0\x9f\x98\x90 i\xe2\x80\x99m not afraid of being bipolar. i\xe2\x80\x99m afraid of it being made real for me. i didn\xe2\x80\x99t admit i am depressed for years because i was scared and .',no retweet username,[],2020-04-01 04:01:33+00:00,351,144
awt48_49,b'\xe3\x81\x82\xe3\x82\x93\xe3\x82\xb9\xe3\x82\xbf\xef\xbc\x81\xef\xbc\x81music\xe3\x83\xa1\xe3\x83\xa2\n\n\xe3\x81\x8a\xe4\xbb\x95\xe4\xba\x8b\n\xe3\x83\xbbbp0/1\xe5\x80\x8d/250pt/1\xe6\x9e\x9a\n\xe3\x83\xbbbp1/4\xe5\x80\x8d/1000pt/4\xe6\x9e\x9a\n\xe3\x83\xbbbp2/8\xe5\x80\x8d/2000pt/8\xe6\x9e\x9a\n\xe3\x83\xbbbp3/12\xe5\x80\x8d/3000pt/12\xe6\x9e\x9a\n\n\xe9\x80\x9a\xe5\xb8\xb8\xe3\x83\xa9\xe3\x82\xa4\xe3\x83\x96\n\xe3\x83\xbbbp1/1\xe5\x80\x8d/2000pt+\xce\xb1/10\xe6\x9e\x9a\n\xe3\x83\xbbbp2/2\xe5\x80\x8d/4000pt+\xce\xb1/20\xe6\x9e\x9a\n\xe3\x83\xbbbp3/3\xe5\x80\x8d/6000pt+\xce\xb1/30\xe6\x9e\x9a\n\xe3\x83\xbbbp6/6\xe5\x80\x8d/12000pt+\xce\xb1/60\xe6\x9e\x9a\n\xe3\x83\xbbbp10/10\xe5\x80\x8d/20000pt+\xce\xb1/100\xe6\x9e\x9a\n\xe3\x82\xb9\xe3\x82\xb3\xe3\x82\xa2&amp;\xe3\x82\xa4\xe3\x83\x99\xe3\x82\xb9\xe3\x82\xad\xe3\x83\xab\xe3\x83\x9c\xe3\x83\xbc\xe3\x83\x8a\xe3\x82\xb9\xe6\x9c\x89',Iam2winkP,[],2020-04-01 04:01:14+00:00,129,354
kokoroomantanni,b'\xe3\x81\x82\xe3\x82\x93\xe3\x82\xb9\xe3\x82\xbf\xef\xbc\x81\xef\xbc\x81music\xe3\x83\xa1\xe3\x83\xa2\n\n\xe3\x81\x8a\xe4\xbb\x95\xe4\xba\x8b\n\xe3\x83\xbbbp0/1\xe5\x80\x8d/250pt/1\xe6\x9e\x9a\n\xe3\x83\xbbbp1/4\xe5\x80\x8d/1000pt/4\xe6\x9e\x9a\n\xe3\x83\xbbbp2/8\xe5\x80\x8d/2000pt/8\xe6\x9e\x9a\n\xe3\x83\xbbbp3/12\xe5\x80\x8d/3000pt/12\xe6\x9e\x9a\n\n\xe9\x80\x9a\xe5\xb8\xb8\xe3\x83\xa9\xe3\x82\xa4\xe3\x83\x96\n\xe3\x83\xbbbp1/1\xe5\x80\x8d/2000pt+\xce\xb1/10\xe6\x9e\x9a\n\xe3\x83\xbbbp2/2\xe5\x80\x8d/4000pt+\xce\xb1/20\xe6\x9e\x9a\n\xe3\x83\xbbbp3/3\xe5\x80\x8d/6000pt+\xce\xb1/30\xe6\x9e\x9a\n\xe3\x83\xbbbp6/6\xe5\x80\x8d/12000pt+\xce\xb1/60\xe6\x9e\x9a\n\xe3\x83\xbbbp10/10\xe5\x80\x8d/20000pt+\xce\xb1/100\xe6\x9e\x9a\n\xe3\x82\xb9\xe3\x82\xb3\xe3\x82\xa2&amp;\xe3\x82\xa4\xe3\x83\x99\xe3\x82\xb9\xe3\x82\xad\xe3\x83\xab\xe3\x83\x9c\xe3\x83\xbc\xe3\x83\x8a\xe3\x82\xb9\xe6\x9c\x89',Iam2winkP,[],2020-04-01 03:58:18+00:00,415,1819
senri_lovebl,b'\xe3\x81\x82\xe3\x82\x93\xe3\x82\xb9\xe3\x82\xbf\xef\xbc\x81\xef\xbc\x81music\xe3\x83\xa1\xe3\x83\xa2\n\n\xe3\x81\x8a\xe4\xbb\x95\xe4\xba\x8b\n\xe3\x83\xbbbp0/1\xe5\x80\x8d/250pt/1\xe6\x9e\x9a\n\xe3\x83\xbbbp1/4\xe5\x80\x8d/1000pt/4\xe6\x9e\x9a\n\xe3\x83\xbbbp2/8\xe5\x80\x8d/2000pt/8\xe6\x9e\x9a\n\xe3\x83\xbbbp3/12\xe5\x80\x8d/3000pt/12\xe6\x9e\x9a\n\n\xe9\x80\x9a\xe5\xb8\xb8\xe3\x83\xa9\xe3\x82\xa4\xe3\x83\x96\n\xe3\x83\xbbbp1/1\xe5\x80\x8d/2000pt+\xce\xb1/10\xe6\x9e\x9a\n\xe3\x83\xbbbp2/2\xe5\x80\x8d/4000pt+\xce\xb1/20\xe6\x9e\x9a\n\xe3\x83\xbbbp3/3\xe5\x80\x8d/6000pt+\xce\xb1/30\xe6\x9e\x9a\n\xe3\x83\xbbbp6/6\xe5\x80\x8d/12000pt+\xce\xb1/60\xe6\x9e\x9a\n\xe3\x83\xbbbp10/10\xe5\x80\x8d/20000pt+\xce\xb1/100\xe6\x9e\x9a\n\xe3\x82\xb9\xe3\x82\xb3\xe3\x82\xa2&amp;\xe3\x82\xa4\xe3\x83\x99\xe3\x82\xb9\xe3\x82\xad\xe3\x83\xab\xe3\x83\x9c\xe3\x83\xbc\xe3\x83\x8a\xe3\x82\xb9\xe6\x9c\x89',Iam2winkP,[],2020-04-01 03:55:50+00:00,295,268
buraiantowakame,b'\xe3\x81\x82\xe3\x82\x93\xe3\x82\xb9\xe3\x82\xbf\xef\xbc\x81\xef\xbc\x81music\xe3\x83\xa1\xe3\x83\xa2\n\n\xe3\x81\x8a\xe4\xbb\x95\xe4\xba\x8b\n\xe3\x83\xbbbp0/1\xe5\x80\x8d/250pt/1\xe6\x9e\x9a\n\xe3\x83\xbbbp1/4\xe5\x80\x8d/1000pt/4\xe6\x9e\x9a\n\xe3\x83\xbbbp2/8\xe5\x80\x8d/2000pt/8\xe6\x9e\x9a\n\xe3\x83\xbbbp3/12\xe5\x80\x8d/3000pt/12\xe6\x9e\x9a\n\n\xe9\x80\x9a\xe5\xb8\xb8\xe3\x83\xa9\xe3\x82\xa4\xe3\x83\x96\n\xe3\x83\xbbbp1/1\xe5\x80\x8d/2000pt+\xce\xb1/10\xe6\x9e\x9a\n\xe3\x83\xbbbp2/2\xe5\x80\x8d/4000pt+\xce\xb1/20\xe6\x9e\x9a\n\xe3\x83\xbbbp3/3\xe5\x80\x8d/6000pt+\xce\xb1/30\xe6\x9e\x9a\n\xe3\x83\xbbbp6/6\xe5\x80\x8d/12000pt+\xce\xb1/60\xe6\x9e\x9a\n\xe3\x83\xbbbp10/10\xe5\x80\x8d/20000pt+\xce\xb1/100\xe6\x9e\x9a\n\xe3\x82\xb9\xe3\x82\xb3\xe3\x82\xa2&amp;\xe3\x82\xa4\xe3\x83\x99\xe3\x82\xb9\xe3\x82\xad\xe3\x83\xab\xe3\x83\x9c\xe3\x83\xbc\xe3\x83\x8a\xe3\x82\xb9\xe6\x9c\x89',Iam2winkP,[],2020-04-01 03:54:39+00:00,69,377
mmmm_tp,b'#\xe3\x81\x82\xe3\x82\x93\xe3\x82\xb9\xe3\x82\xbf\xe3\x80\x80music\xe3\x82\xa4\xe3\x83\x99\xe3\x83\xb3\xe3\x83\x88\xe8\xa6\x9a\xe3\x81\x88\xe6\x9b\xb8\xe3\x81\x8d\n\xe3\x82\xa4\xe3\x83\x99\xe3\x83\xb3\xe3\x83\x88\xe6\xa5\xbd\xe6\x9b\xb2\xe3\x80\x80\xe7\xb4\x8410000pt\n\xe3\x81\x8a\xe4\xbb\x95\xe4\xba\x8bbp3\xe3\x80\x80\xe7\xb4\x843000pt pass12\n\xe9\x80\x9a\xe5\xb8\xb8\xe6\xa5\xbd\xe6\x9b\xb2bp3 \xe7\xb4\x846000pt pass30\n\xe9\x80\x9a\xe5\xb8\xb8\xe6\xa5\xbd\xe6\x9b\xb2bp1 \xe7\xb4\x842000pt pass10\n+\xe3\x82\xb9\xe3\x82\xb3\xe3\x82\xa2\xe3\x83\x9c\xe3\x83\xbc\xe3\x83\x8a\xe3\x82\xb9\xe3\x81\xaf\xe3\x83\x95\xe3\x83\xab\xe3\x82\xb3\xe3\x83\xb3\xe3\x81\xa7\xe7\x89\xb9\xe3\x81\xab\xe3\x83\x9c\xe3\x83\xbc\xe3\x83\x8a\xe3\x82\xb9\xe3\x81\xaa\xe3\x81\x97\nbp10\xe7\xaa\x81\xe3\x81\xa3\xe8\xbe\xbc\xe3\x82\x81\xe3\x82\x8b\xe3\x81\x8b\xe3\x82\x89\xe5\x9b\x9e\xe6\x95\xb0\xe3\x81\x93\xe3\x81\xaa\xe3\x81\x9b\xe3\x81\xaa\xe3\x81\x8f\xe3\x81\xa6\xe3\x82\x82\xe8\x89\xaf\xe3\x81\x95\xe3\x81\x9d\xe3\x81\x86\xef\xbc\x9f\n\xe8\xaa\xad\xe3\x82\x80\xe3\x81\xa0\xe3\x81\x91\xe3\x81\xaa\xe3\x82\x89\xe3\x81\xb9\xef\xbc\x81\xe3\x82\x88\xe3\x82\x8a\xe5\x84\xaa\xe3\x81\x97\xe3\x81\x8f\xe6\x84\x9f\xe3\x81\x98\xe3\x82\x8b\xe3\x81\x91\xe3\x81\xa9\xe3\x81\xa9\xe3\x81\x86\xe3\x81\x8b\xe3\x81\xaa\xe2\x80\xa6 https://t.co/jmcyvbdmlk',mdk_and,"[{'text': 'あんスタ', 'indices': [13, 18]}]",2020-04-01 03:51:20+00:00,58,49
vivoenjupiterr,"b'@daydreamst1 @leyesdemendoza me pas\xc3\xb3 algo igual. admiro mucho a quienes viven con trastorno bipolar, especialmente quienes son capaces de pedir ayuda, porque desde mi propia experiencia a veces es un trastorno muy dif\xc3\xadcil de sobrellevar y las reca\xc3\xaddas, sean del tipo que sean (man\xc3\xada/depre) son horribles'",no retweet username,[],2020-04-01 03:50:57+00:00,57,174
mmmm_tp,b'\xe9\x80\x9a\xe5\xb8\xb8\xe3\x83\xa9\xe3\x82\xa4\xe3\x83\x96\xe3\x81\xa3\xe3\x81\xa6\xe7\xb5\x90\xe5\xb1\x80bp1\xe3\x81\xa7\xe6\xae\xb4\xe3\x81\xa3\xe3\x81\xa6\xe3\x82\x82bp10\xe3\x81\xa8\xe3\x83\x9d\xe3\x82\xa4\xe3\x83\xb3\xe3\x83\x88\xe5\xa4\x89\xe3\x82\x8f\xe3\x82\x89\xe3\x82\x93\xe3\x81\x8b\xe3\x82\x89\xe7\xb5\x8c\xe9\xa8\x93\xe5\x80\xa4\xe3\x81\x86\xe3\x81\xbe\xe3\x81\x84\xe3\x81\xa7\xe3\x81\x82\xe3\x81\xa3\xe3\x81\xa6\xe3\x82\x8b\xe3\x82\x88\xe3\x81\xaa\xef\xbc\x9f',no retweet username,[],2020-04-01 03:45:28+00:00,58,49
LmkrMym,b'\xe3\x81\x82\xe3\x82\x93\xe3\x82\xb9\xe3\x82\xbf\xef\xbc\x81\xef\xbc\x81music\xe3\x83\xa1\xe3\x83\xa2\n\n\xe3\x81\x8a\xe4\xbb\x95\xe4\xba\x8b\n\xe3\x83\xbbbp0/1\xe5\x80\x8d/250pt/1\xe6\x9e\x9a\n\xe3\x83\xbbbp1/4\xe5\x80\x8d/1000pt/4\xe6\x9e\x9a\n\xe3\x83\xbbbp2/8\xe5\x80\x8d/2000pt/8\xe6\x9e\x9a\n\xe3\x83\xbbbp3/12\xe5\x80\x8d/3000pt/12\xe6\x9e\x9a\n\n\xe9\x80\x9a\xe5\xb8\xb8\xe3\x83\xa9\xe3\x82\xa4\xe3\x83\x96\n\xe3\x83\xbbbp1/1\xe5\x80\x8d/2000pt+\xce\xb1/10\xe6\x9e\x9a\n\xe3\x83\xbbbp2/2\xe5\x80\x8d/4000pt+\xce\xb1/20\xe6\x9e\x9a\n\xe3\x83\xbbbp3/3\xe5\x80\x8d/6000pt+\xce\xb1/30\xe6\x9e\x9a\n\xe3\x83\xbbbp6/6\xe5\x80\x8d/12000pt+\xce\xb1/60\xe6\x9e\x9a\n\xe3\x83\xbbbp10/10\xe5\x80\x8d/20000pt+\xce\xb1/100\xe6\x9e\x9a\n\xe3\x82\xb9\xe3\x82\xb3\xe3\x82\xa2&amp;\xe3\x82\xa4\xe3\x83\x99\xe3\x82\xb9\xe3\x82\xad\xe3\x83\xab\xe3\x83\x9c\xe3\x83\xbc\xe3\x83\x8a\xe3\x82\xb9\xe6\x9c\x89',Iam2winkP,[],2020-04-01 03:39:36+00:00,137,217
sanabria_1942,"b'springtime manic episodes use to last at least 12 weeks. now, a bipolar nigga lucky to see 6 good weeks of mania smh'",no retweet username,[],2020-04-01 03:35:48+00:00,305,306
tapiocasola,b'\xe3\x81\x82\xe3\x82\x93\xe3\x82\xb9\xe3\x82\xbf\xef\xbc\x81\xef\xbc\x81music\xe3\x83\xa1\xe3\x83\xa2\n\n\xe3\x81\x8a\xe4\xbb\x95\xe4\xba\x8b\n\xe3\x83\xbbbp0/1\xe5\x80\x8d/250pt/1\xe6\x9e\x9a\n\xe3\x83\xbbbp1/4\xe5\x80\x8d/1000pt/4\xe6\x9e\x9a\n\xe3\x83\xbbbp2/8\xe5\x80\x8d/2000pt/8\xe6\x9e\x9a\n\xe3\x83\xbbbp3/12\xe5\x80\x8d/3000pt/12\xe6\x9e\x9a\n\n\xe9\x80\x9a\xe5\xb8\xb8\xe3\x83\xa9\xe3\x82\xa4\xe3\x83\x96\n\xe3\x83\xbbbp1/1\xe5\x80\x8d/2000pt+\xce\xb1/10\xe6\x9e\x9a\n\xe3\x83\xbbbp2/2\xe5\x80\x8d/4000pt+\xce\xb1/20\xe6\x9e\x9a\n\xe3\x83\xbbbp3/3\xe5\x80\x8d/6000pt+\xce\xb1/30\xe6\x9e\x9a\n\xe3\x83\xbbbp6/6\xe5\x80\x8d/12000pt+\xce\xb1/60\xe6\x9e\x9a\n\xe3\x83\xbbbp10/10\xe5\x80\x8d/20000pt+\xce\xb1/100\xe6\x9e\x9a\n\xe3\x82\xb9\xe3\x82\xb3\xe3\x82\xa2&amp;\xe3\x82\xa4\xe3\x83\x99\xe3\x82\xb9\xe3\x82\xad\xe3\x83\xab\xe3\x83\x9c\xe3\x83\xbc\xe3\x83\x8a\xe3\x82\xb9\xe6\x9c\x89',Iam2winkP,[],2020-04-01 03:34:05+00:00,135,1389
Mal47C,"b'tw: mention of suicide\n\ni should have pointed this one out on #worldbipolarday .\n\n20%, yes you read that right, 1 in 5 people with bipolar disorder commit suicide.  \n\nbe there for your loved ones in these troubled times.  \xe2\x9d\xa4 https://t.co/wm6hvwoh9c'",no retweet username,"[{'text': 'WorldBipolarDay', 'indices': [62, 78]}]",2020-04-01 03:32:27+00:00,724,1288
skr_hdk,b'\xe3\x81\x82\xe3\x82\x93\xe3\x82\xb9\xe3\x82\xbf\xef\xbc\x81\xef\xbc\x81music\xe3\x83\xa1\xe3\x83\xa2\n\n\xe3\x81\x8a\xe4\xbb\x95\xe4\xba\x8b\n\xe3\x83\xbbbp0/1\xe5\x80\x8d/250pt/1\xe6\x9e\x9a\n\xe3\x83\xbbbp1/4\xe5\x80\x8d/1000pt/4\xe6\x9e\x9a\n\xe3\x83\xbbbp2/8\xe5\x80\x8d/2000pt/8\xe6\x9e\x9a\n\xe3\x83\xbbbp3/12\xe5\x80\x8d/3000pt/12\xe6\x9e\x9a\n\n\xe9\x80\x9a\xe5\xb8\xb8\xe3\x83\xa9\xe3\x82\xa4\xe3\x83\x96\n\xe3\x83\xbbbp1/1\xe5\x80\x8d/2000pt+\xce\xb1/10\xe6\x9e\x9a\n\xe3\x83\xbbbp2/2\xe5\x80\x8d/4000pt+\xce\xb1/20\xe6\x9e\x9a\n\xe3\x83\xbbbp3/3\xe5\x80\x8d/6000pt+\xce\xb1/30\xe6\x9e\x9a\n\xe3\x83\xbbbp6/6\xe5\x80\x8d/12000pt+\xce\xb1/60\xe6\x9e\x9a\n\xe3\x83\xbbbp10/10\xe5\x80\x8d/20000pt+\xce\xb1/100\xe6\x9e\x9a\n\xe3\x82\xb9\xe3\x82\xb3\xe3\x82\xa2&amp;\xe3\x82\xa4\xe3\x83\x99\xe3\x82\xb9\xe3\x82\xad\xe3\x83\xab\xe3\x83\x9c\xe3\x83\xbc\xe3\x83\x8a\xe3\x82\xb9\xe6\x9c\x89',Iam2winkP,[],2020-04-01 03:31:40+00:00,32,195
skr_hdk,b'\xe2\x86\x90bp1 easy \xe3\x82\xb9\xe3\x82\xb3\xe3\x82\xa2s \xef\xbc\x8f bp10 easy \xe3\x82\xb9\xe3\x82\xb3\xe3\x82\xa2s\xe2\x86\x92\n\n\xe3\x82\xb9\xe3\x82\xb3\xe3\x82\xa2\xe3\x83\x9c\xe3\x83\xbc\xe3\x83\x8a\xe3\x82\xb9\xe3\x82\x82\xe3\x81\x97\xe3\x81\xa3\xe3\x81\x8b\xe3\x82\x8a10\xe5\x80\x8d\xe3\x81\x95\xe3\x82\x8c\xe3\x81\xa6\xe3\x82\x8b\xe3\x81\xae\xe3\x81\xa7\xe3\x80\x81\xe3\x82\xa4\xe3\x83\x99\xe3\x83\xb3\xe3\x83\x88pt\xe5\x8a\xb9\xe7\x8e\x87\xe3\x81\xaf1bp\xe5\x91\xa8\xe5\x9b\x9e\xe3\x82\x8210bp\xe3\x82\x82\xe4\xb8\x80\xe7\xb7\x92\xef\xbc\x9f\n\xe2\x80\xbb\xe3\x82\xa4\xe3\x83\x99\xe3\x83\xb3\xe3\x83\x88\xe3\x82\xb9\xe3\x82\xad\xe3\x83\xab\xe3\x83\x9c\xe3\x83\xbc\xe3\x83\x8a\xe3\x82\xb9\xe3\x81\xaf\xe6\x9c\xaa\xe6\xa4\x9c\xe8\xa8\xbc\xe3\x81\xa7\xe3\x81\x99\xe3\x80\x82\xe3\x81\xa7\xe3\x82\x82\xe3\x81\x9f\xe3\x81\xb6\xe3\x82\x93\xe5\x90\x8c\xe3\x81\x98\xef\xbc\x9f\n\n\xe3\x81\x9f\xe3\x81\xa0\xe3\x80\x81\xe3\x83\x95\xe3\x82\xa1\xe3\x83\xb3\xe3\x81\xae\xe6\x95\xb0\xe3\x81\xaf\n1bp10\xe4\xba\xba\xc3\x9710\xef\xbc\x9d100\xe4\xba\xba\n10bp40\xe4\xba\xba\xc3\x971\xef\xbc\x9d40\xe4\xba\xba\n\xe3\x81\xa71bp\xe5\x91\xa8\xe5\x9b\x9e\xe3\x81\xae\xe6\x96\xb9\xe3\x81\x8c\xe3\x81\x8a\xe5\xbe\x97 https://t.co/emmrqznzpv',Iam2winkP,[],2020-04-01 03:31:06+00:00,32,195
saku_mio22,b'bns\xe3\x81\xae\xe3\x82\xaf\xe3\x83\xaa\xe3\x82\xa2\xe5\x9b\x9e\xe6\x95\xb0s+\xe7\x9b\xae\xe6\x8c\x87\xe3\x81\x99\xe3\x81\x8b\xe3\x80\x9c\xe3\x80\x9c\xef\xbc\x81\xef\xbc\x81\xef\xbc\x9f\xef\xbc\x9fbp1\xe3\x81\xa7\xe3\x82\x84\xe3\x82\x8b\xe3\x81\xae\xe3\x81\x9d\xe3\x82\x8d\xe3\x81\x9d\xe3\x82\x8d\xe3\x81\x97\xe3\x82\x93\xe3\x81\xa9\xe3\x81\x84\xe3\x81\xa7\xe3\x81\x99\xe3\x81\x8c',no retweet username,[],2020-04-01 03:31:04+00:00,109,203
Sabria_Nakia,b'@weasley2019 @rahm3sh hi dane! saw in your bio that you\xe2\x80\x99ve got bipolar disorder but i wasn\xe2\x80\x99t sure if it was bp1 or bp2. i\xe2\x80\x99m gonna go ahead and assume it\xe2\x80\x99s bp1 since you\xe2\x80\x99re clearly delusional :) have a great day!',danya_eassa,[],2020-04-01 03:30:51+00:00,970,926
1128zu,b'\xe3\x80\x90music\xe3\x80\x91\xe3\x82\xa4\xe3\x83\x99\xe3\x83\xb3\xe3\x83\x88\xe3\x81\xab\xe3\x81\x8a\xe3\x81\x91\xe3\x82\x8bbp\nbp0\xe3\x81\xae\xe5\xa0\xb4\xe5\x90\x88\n\xe3\x83\xa9\xe3\x82\xa4\xe3\x83\x96\xef\xbc\x9a\xe3\x83\x91\xe3\x82\xb90\xe5\x80\x8b\xe3\x80\x80pt+0\n\xe3\x81\x8a\xe4\xbb\x95\xe4\xba\x8b\xef\xbc\x9a\xe3\x83\x91\xe3\x82\xb91\xe5\x80\x8b\xe3\x80\x80pt+250\n\nbp1\xe3\x81\xae\xe5\xa0\xb4\xe5\x90\x88\n\xe3\x83\xa9\xe3\x82\xa4\xe3\x83\x96\xef\xbc\x9a\xe3\x83\x91\xe3\x82\xb910\xe5\x80\x8b\xe3\x80\x80pt+2000\n\xe3\x81\x8a\xe4\xbb\x95\xe4\xba\x8b\xef\xbc\x9a\xe3\x83\x91\xe3\x82\xb94\xe5\x80\x8b\xe3\x80\x80\xe3\x80\x80pt+1000\n\nbp2\xe3\x81\xae\xe5\xa0\xb4\xe5\x90\x88\n\xe3\x83\xa9\xe3\x82\xa4\xe3\x83\x96\xef\xbc\x9a\xe3\x83\x91\xe3\x82\xb920\xe5\x80\x8b\xe3\x80\x80pt+4000\n\xe3\x81\x8a\xe4\xbb\x95\xe4\xba\x8b\xef\xbc\x9a\xe3\x83\x91\xe3\x82\xb98\xe5\x80\x8b\xe3\x80\x80\xe3\x80\x80pt+2000\n\n\xe3\x83\xa9\xe3\x82\xa4\xe3\x83\x96\xe3\x81\xa7\xe3\x81\xaf\xe3\x82\xb9\xe3\x82\xb3\xe3\x82\xa2\xe3\x83\x9c\xe3\x83\xbc\xe3\x83\x8a\xe3\x82\xb9\xe3\x80\x81\xe3\x82\xa4\xe3\x83\x99\xe3\x83\xb3\xe3\x83\x88\xe3\x82\xb9\xe3\x82\xad\xe3\x83\xab\xe3\x83\x9c\xe3\x83\xbc\xe3\x83\x8a\xe3\x82\xb9\xe3\x82\x82pt\xe3\x81\xab\xe5\x8a\xa0\xe7\xae\x97\xe3\x81\x95\xe3\x82\x8c\xe3\x82\x8b\xe3\x80\x82 https://t.co/iuaftgvesd',no retweet username,[],2020-04-01 03:30:37+00:00,10961,0
n9GiMV7tmPi6yov,b'\xe3\x81\x82\xe3\x82\x93\xe3\x82\xb9\xe3\x82\xbf\xef\xbc\x81\xef\xbc\x81music\xe3\x83\xa1\xe3\x83\xa2\n\n\xe3\x81\x8a\xe4\xbb\x95\xe4\xba\x8b\n\xe3\x83\xbbbp0/1\xe5\x80\x8d/250pt/1\xe6\x9e\x9a\n\xe3\x83\xbbbp1/4\xe5\x80\x8d/1000pt/4\xe6\x9e\x9a\n\xe3\x83\xbbbp2/8\xe5\x80\x8d/2000pt/8\xe6\x9e\x9a\n\xe3\x83\xbbbp3/12\xe5\x80\x8d/3000pt/12\xe6\x9e\x9a\n\n\xe9\x80\x9a\xe5\xb8\xb8\xe3\x83\xa9\xe3\x82\xa4\xe3\x83\x96\n\xe3\x83\xbbbp1/1\xe5\x80\x8d/2000pt+\xce\xb1/10\xe6\x9e\x9a\n\xe3\x83\xbbbp2/2\xe5\x80\x8d/4000pt+\xce\xb1/20\xe6\x9e\x9a\n\xe3\x83\xbbbp3/3\xe5\x80\x8d/6000pt+\xce\xb1/30\xe6\x9e\x9a\n\xe3\x83\xbbbp6/6\xe5\x80\x8d/12000pt+\xce\xb1/60\xe6\x9e\x9a\n\xe3\x83\xbbbp10/10\xe5\x80\x8d/20000pt+\xce\xb1/100\xe6\x9e\x9a\n\xe3\x82\xb9\xe3\x82\xb3\xe3\x82\xa2&amp;\xe3\x82\xa4\xe3\x83\x99\xe3\x82\xb9\xe3\x82\xad\xe3\x83\xab\xe3\x83\x9c\xe3\x83\xbc\xe3\x83\x8a\xe3\x82\xb9\xe6\x9c\x89',Iam2winkP,[],2020-04-01 03:29:01+00:00,59,216
es_teng,b'\xe5\xb0\x8f\xe3\x83\x94\xe3\x83\xbc\xe3\x82\xb9\xe3\x80\x81bp10\xe3\x81\xa4\xe3\x81\x8b\xe3\x81\xa3\xe3\x81\xa6\xe8\xa4\x87\xe6\x95\xb0\xe3\x81\xae\xe8\x89\xb2\xe5\x90\x88\xe8\xa8\x88\xe3\x81\x97\xe3\x81\xa6\xe3\x82\x88\xe3\x81\x86\xe3\x82\x84\xe3\x81\x8f10\xe5\x80\x8b\xe3\x81\x8f\xe3\x82\x89\xe3\x81\x84\xe8\x90\xbd\xe3\x81\xa1\xe3\x82\x8b(\xef\xbc\x9dbp1\xe3\x81\xa0\xe3\x81\xa81\xe5\x80\x8b\xe3\x81\x8f\xe3\x82\x89\xe3\x81\x84\xe3\x81\x97\xe3\x81\x8b\xe8\x90\xbd\xe3\x81\xa1\xe3\x81\xaa\xe3\x81\x84)\xe3\x81\xae\xe3\x80\x81\xe3\x82\x84\xe3\x81\xa3\xe3\x81\xb1\xe3\x81\xa9\xe3\x81\x86\xe8\x80\x83\xe3\x81\x88\xe3\x81\xa6\xe3\x82\x82\xe3\x81\x8a\xe3\x81\x8b\xe3\x81\x97\xe3\x81\x84\xe3\x82\x88\xe3\x81\xaa\xe2\x80\xa6\xe2\x80\xa6\xe3\x81\x9b\xe3\x82\x81\xe3\x81\xa6bp1\xe3\x81\xa7bp10\xe3\x81\xb6\xe3\x82\x93\xe3\x81\x8f\xe3\x82\x89\xe3\x81\x84\xe3\x81\xaf\xe8\x90\xbd\xe3\x81\xa1\xe3\x82\x8b\xe3\x81\xb9\xe3\x81\x8d\xe3\x81\xa0\xe3\x82\x8d\xe5\xb0\x8f\xe3\x83\x94\xe3\x83\xbc\xe3\x82\xb9\xe3\x81\xaf\xe2\x80\xa6\xe2\x80\xa6',no retweet username,[],2020-04-01 03:27:15+00:00,195,53
YUU6YUU6,b'bp1\xe3\x82\x82bp10\xe3\x82\x82\xf0\x9f\x92\x8e\xe7\xa0\x95\xe3\x81\x8f\xe6\x95\xb0\xe3\x81\xaf\xe5\xa4\x89\xe3\x82\x8f\xe3\x82\x89\xe3\x82\x93\xe3\x81\xae\xe3\x81\xa7\xe3\x80\x81\xe3\x81\x82\xe3\x81\xa8\xe3\x81\xaf\xe7\x8d\xb2\xe5\xbe\x97\xe3\x83\x95\xe3\x82\xa1\xe3\x83\xb3\xe6\x95\xb0\xe3\x83\xbb\xe7\xb5\x8c\xe9\xa8\x93\xe5\x80\xa4\xe3\x80\x81\xe6\x99\x82\xe9\x96\x93\xe5\x8a\xb9\xe7\x8e\x87\xe3\x81\xae\xe5\x85\xbc\xe3\x81\xad\xe5\x90\x88\xe3\x81\x84\xe3\x81\xa0\xe3\x81\xaa\n\xe3\x81\x82\xe3\x82\x8b\xe7\xa8\x8b\xe5\xba\xa6\xe3\x83\xac\xe3\x83\x99\xe3\x83\xaa\xe3\x83\xb3\xe3\x82\xb0\xe3\x81\x97\xe3\x81\xaa\xe3\x81\x8c\xe3\x82\x89\xe3\x82\x84\xe3\x82\x8a\xe3\x81\x9f\xe3\x81\x84\xe3\x81\x8b\xe3\x82\x89\xe5\x9f\xba\xe6\x9c\xacbp6\xe3\x81\xa7\xe3\x81\x84\xe3\x81\x93\xe3\x81\x86\xe3\x81\x8b\xe3\x81\xaa\xf0\x9f\x98\x8c\n\xe6\x99\x82\xe9\x96\x93\xe7\x84\xa1\xe3\x81\x84\xe6\x99\x82\xe3\x81\xaf10bp\xe3\x80\x81\xe3\x81\x82\xe3\x82\x8b\xe6\x99\x82\xe3\x81\xaf3bp\xe3\x81\xbf\xe3\x81\x9f\xe3\x81\x84\xe3\x81\xaa',no retweet username,[],2020-04-01 03:25:08+00:00,108,254
33szk,b'\xe3\x81\x82\xe3\x82\x93\xe3\x82\xb9\xe3\x82\xbf\xef\xbc\x81\xef\xbc\x81music\xe3\x83\xa1\xe3\x83\xa2\n\n\xe3\x81\x8a\xe4\xbb\x95\xe4\xba\x8b\n\xe3\x83\xbbbp0/1\xe5\x80\x8d/250pt/1\xe6\x9e\x9a\n\xe3\x83\xbbbp1/4\xe5\x80\x8d/1000pt/4\xe6\x9e\x9a\n\xe3\x83\xbbbp2/8\xe5\x80\x8d/2000pt/8\xe6\x9e\x9a\n\xe3\x83\xbbbp3/12\xe5\x80\x8d/3000pt/12\xe6\x9e\x9a\n\n\xe9\x80\x9a\xe5\xb8\xb8\xe3\x83\xa9\xe3\x82\xa4\xe3\x83\x96\n\xe3\x83\xbbbp1/1\xe5\x80\x8d/2000pt+\xce\xb1/10\xe6\x9e\x9a\n\xe3\x83\xbbbp2/2\xe5\x80\x8d/4000pt+\xce\xb1/20\xe6\x9e\x9a\n\xe3\x83\xbbbp3/3\xe5\x80\x8d/6000pt+\xce\xb1/30\xe6\x9e\x9a\n\xe3\x83\xbbbp6/6\xe5\x80\x8d/12000pt+\xce\xb1/60\xe6\x9e\x9a\n\xe3\x83\xbbbp10/10\xe5\x80\x8d/20000pt+\xce\xb1/100\xe6\x9e\x9a\n\xe3\x82\xb9\xe3\x82\xb3\xe3\x82\xa2&amp;\xe3\x82\xa4\xe3\x83\x99\xe3\x82\xb9\xe3\x82\xad\xe3\x83\xab\xe3\x83\x9c\xe3\x83\xbc\xe3\x83\x8a\xe3\x82\xb9\xe6\x9c\x89',Iam2winkP,[],2020-04-01 03:22:01+00:00,34,29
aokikiri,b'\xe3\x81\x82\xe3\x82\x93\xe3\x82\xb9\xe3\x82\xbf\xef\xbc\x81\xef\xbc\x81music\xe3\x83\xa1\xe3\x83\xa2\n\n\xe3\x81\x8a\xe4\xbb\x95\xe4\xba\x8b\n\xe3\x83\xbbbp0/1\xe5\x80\x8d/250pt/1\xe6\x9e\x9a\n\xe3\x83\xbbbp1/4\xe5\x80\x8d/1000pt/4\xe6\x9e\x9a\n\xe3\x83\xbbbp2/8\xe5\x80\x8d/2000pt/8\xe6\x9e\x9a\n\xe3\x83\xbbbp3/12\xe5\x80\x8d/3000pt/12\xe6\x9e\x9a\n\n\xe9\x80\x9a\xe5\xb8\xb8\xe3\x83\xa9\xe3\x82\xa4\xe3\x83\x96\n\xe3\x83\xbbbp1/1\xe5\x80\x8d/2000pt+\xce\xb1/10\xe6\x9e\x9a\n\xe3\x83\xbbbp2/2\xe5\x80\x8d/4000pt+\xce\xb1/20\xe6\x9e\x9a\n\xe3\x83\xbbbp3/3\xe5\x80\x8d/6000pt+\xce\xb1/30\xe6\x9e\x9a\n\xe3\x83\xbbbp6/6\xe5\x80\x8d/12000pt+\xce\xb1/60\xe6\x9e\x9a\n\xe3\x83\xbbbp10/10\xe5\x80\x8d/20000pt+\xce\xb1/100\xe6\x9e\x9a\n\xe3\x82\xb9\xe3\x82\xb3\xe3\x82\xa2&amp;\xe3\x82\xa4\xe3\x83\x99\xe3\x82\xb9\xe3\x82\xad\xe3\x83\xab\xe3\x83\x9c\xe3\x83\xbc\xe3\x83\x8a\xe3\x82\xb9\xe6\x9c\x89',Iam2winkP,[],2020-04-01 03:21:05+00:00,253,1085
kakuzu091,b'@natsururu0v0 \xe3\x82\xb2\xe3\x83\xbc\xe3\x83\xa0\xe3\x81\xaf\xe7\xa8\x8b\xe3\x80\x85\xe3\x81\xab\xe3\x81\x97\xe3\x81\xa6\xe3\x81\x8a\xe3\x81\x8d\xe3\x81\xbe\xe3\x81\x99\xf0\x9f\x98\xa2\nbp1.5\xe5\x80\x8d\xe3\x81\xa0\xe3\x81\xa8\xe3\x81\x84\xe3\x81\x86\xe3\x81\xae\xe3\x81\xab\xe2\x80\xa6\xf0\x9f\xa5\xba\n\xe3\x81\x82\xe3\x82\x8a\xe3\x81\x8c\xe3\x81\xa8\xe3\x81\x86\xe3\x81\x94\xe3\x81\x96\xe3\x81\x84\xe3\x81\xbe\xe3\x81\x99\xf0\x9f\x98\xad\xe2\x9c\xa8',no retweet username,[],2020-04-01 03:20:26+00:00,193,150
mnid_ens,b'bp1\xe3\x81\x82\xe3\x81\x9f\xe3\x82\x8a\xe3\x83\x80\xe3\x82\xa4\xe3\x83\xa42\xe5\x80\x8b\xe3\x81\xaa\xe3\x81\xae\xe3\x81\xa8\xe3\x80\x81\xe3\x81\x82\xe3\x81\xa8\xe3\x83\xa9\xe3\x82\xa4\xe3\x83\x96\xe5\x9b\x9e\xe6\x95\xb0\xe3\x81\xab\xe3\x82\xa4\xe3\x83\x99\xe6\x9b\xb2\xe5\x90\xab\xe3\x81\xbe\xe3\x82\x8c\xe3\x81\xa6\xe3\x82\x8b\xe3\x81\xae\xe5\xbf\x98\xe3\x82\x8c\xe3\x81\xa6\xe3\x81\xbe\xe3\x81\x97\xe3\x81\x9f\xef\xbc\x81\xef\xbc\x819\xe8\xab\xad\xe5\x90\x89\xef\xbc\x81\xef\xbc\x81\xef\xbc\x81\xef\xbc\x88\xe7\x84\xa1\xe7\x90\x86\xe3\x81\xa7\xe3\x81\xaf\xef\xbc\x89',no retweet username,[],2020-04-01 03:16:21+00:00,3523,79
alisonximena,"b""this #worldbipolarday we're thinking about how we can support a friend or family member who has bipolar disorder. do you have any tips of your own? let us know. \n\nhead to our info pages for more &gt; https://t.co/ms2ulheltk https://t.co/d2lvkvvbet""",MindCharity,"[{'text': 'WorldBipolarDay', 'indices': [22, 38]}]",2020-04-01 02:58:35+00:00,1536,2115
alisonximena,"b'today is #worldbipolarday, so let\xe2\x80\x99s learn about this very real mental health condition that is more than \xe2\x80\x9cjust feeling happy and then sad\xe2\x80\x9d. rt to educate someone on your timeline. you are not alone &amp; having a bipolar disorder does not make you a burden. you\xe2\x80\x99re loved! \xf0\x9f\x92\x9a https://t.co/smsxnchd3s'",untactiveminds,"[{'text': 'WorldBipolarDay', 'indices': [29, 45]}]",2020-04-01 02:57:02+00:00,1536,2115
music22rrrink,b'\xe3\x81\x82\xe3\x82\x93\xe3\x82\xb9\xe3\x82\xbfmusic\xe3\x80\x81\xe3\x83\xa9\xe3\x82\xa4\xe3\x83\x96\xe9\x96\x8b\xe5\xa7\x8b\xe3\x81\x97\xe3\x81\xa6\xe3\x83\x80\xe3\x82\xa6\xe3\x83\xb3\xe3\x83\xad\xe3\x83\xbc\xe3\x83\x89\xe4\xb8\xad\xe3\x81\xab\xe3\x82\xa2\xe3\x83\x97\xe3\x83\xaa\xe8\x90\xbd\xe3\x81\xa1\xe3\x81\xa6\xe3\x80\x81bp1\xe7\x84\xa1\xe9\xa7\x84\xe3\x81\xab\xe3\x81\xaa\xe3\x81\xa3\xe3\x81\xa6\xe3\x80\x82\n\xe6\xac\xa1\xe3\x81\xaf\xe3\x80\x81\xe3\x82\xb2\xe3\x83\xbc\xe3\x83\xa0\xe3\x83\x97\xe3\x83\xac\xe3\x82\xa4\xe3\x81\x97\xe3\x81\xa6\xe3\x82\x8b\xe9\x80\x94\xe4\xb8\xad\xe3\x81\xab\xe3\x82\xa2\xe3\x83\x97\xe3\x83\xaa\xe8\x90\xbd\xe3\x81\xa1\xe3\x81\xa6\xe3\x81\xbe\xe3\x81\x9fbp1\xe7\x84\xa1\xe9\xa7\x84\xe3\x81\xab\xe3\x81\x97\xe3\x81\x9f\xe3\x82\x93\xe3\x82\x84\xe3\x81\x91\xe3\x81\xa9\xe3\x80\x81\xe3\x82\xad\xe3\x83\xac\xe3\x81\x9f\xe3\x81\x84',no retweet username,[],2020-04-01 02:50:14+00:00,30,110
DTFBNN,b'\xe3\x81\x82\xe3\x82\x93\xe3\x82\xb9\xe3\x82\xbf\xef\xbc\x81\xef\xbc\x81music\xe3\x83\xa1\xe3\x83\xa2\n\n\xe3\x81\x8a\xe4\xbb\x95\xe4\xba\x8b\n\xe3\x83\xbbbp0/1\xe5\x80\x8d/250pt/1\xe6\x9e\x9a\n\xe3\x83\xbbbp1/4\xe5\x80\x8d/1000pt/4\xe6\x9e\x9a\n\xe3\x83\xbbbp2/8\xe5\x80\x8d/2000pt/8\xe6\x9e\x9a\n\xe3\x83\xbbbp3/12\xe5\x80\x8d/3000pt/12\xe6\x9e\x9a\n\n\xe9\x80\x9a\xe5\xb8\xb8\xe3\x83\xa9\xe3\x82\xa4\xe3\x83\x96\n\xe3\x83\xbbbp1/1\xe5\x80\x8d/2000pt+\xce\xb1/10\xe6\x9e\x9a\n\xe3\x83\xbbbp2/2\xe5\x80\x8d/4000pt+\xce\xb1/20\xe6\x9e\x9a\n\xe3\x83\xbbbp3/3\xe5\x80\x8d/6000pt+\xce\xb1/30\xe6\x9e\x9a\n\xe3\x83\xbbbp6/6\xe5\x80\x8d/12000pt+\xce\xb1/60\xe6\x9e\x9a\n\xe3\x83\xbbbp10/10\xe5\x80\x8d/20000pt+\xce\xb1/100\xe6\x9e\x9a\n\xe3\x82\xb9\xe3\x82\xb3\xe3\x82\xa2&amp;\xe3\x82\xa4\xe3\x83\x99\xe3\x82\xb9\xe3\x82\xad\xe3\x83\xab\xe3\x83\x9c\xe3\x83\xbc\xe3\x83\x8a\xe3\x82\xb9\xe6\x9c\x89',Iam2winkP,[],2020-04-01 02:47:33+00:00,99,1026
TERABOOchanneru,b'#ps4live (dead by daylight)#53\xe3\x80\x80bp1.5\xe5\x80\x8d\xe3\x81\xaa\xe3\x82\x93\xe3\x81\xa7\xe3\x80\x81\xe3\x83\x9d\xe3\x82\xa4\xe3\x83\xb3\xe3\x83\x88\xe9\x9b\x86\xe3\x82\x81\xe7\xad\x89\xe3\x82\x92\xe9\x85\x8d\xe4\xbf\xa1\xe3\x83\x91\xe3\x83\xbc\xe3\x83\x88\xe3\x83\x8a\xe3\x83\xbc\xe3\x81\xa8\xe6\xa5\xbd\xe3\x81\x97\xe3\x81\xbf\xe3\x81\xaa\xe3\x81\x8c\xe3\x82\x89\xe9\x85\x8d\xe4\xbf\xa1\xe3\x81\x97\xe3\x81\xbe\xe3\x81\x99(^o^)\xe8\x89\xaf\xe3\x81\x91\xe3\x82\x8c\xe3\x81\xb0\xe3\x80\x81\xe3\x83\x81\xe3\x83\xa3\xe3\x83\xb3\xe3\x83\x8d\xe3\x83\xab\xe3\x81\x94\xe8\xa6\x96\xe8\x81\xb4\xe3\x80\x81\xe3\x83\x81\xe3\x83\xa3\xe3\x83\xb3\xe3\x83\x8d\xe3\x83\xab\xe7\x99\xbb\xe9\x8c\xb2\xe3\x82\x92\xe3\x82\x88\xe3\x82\x8d\xe3\x81\x97\xe3\x81\x8f\xe3\x81\x8a\xe9\xa1\x98\xe3\x81\x84\xe3\x81\x97\xe3\x81\xbe\xe3\x81\x99\xe3\x80\x82  live at https://t.co/fprrohxu9k',mitsukazu_aroma,"[{'text': 'PS4live', 'indices': [21, 29]}]",2020-04-01 02:31:04+00:00,7895,7782
corybella24,b'it\xe2\x80\x99s #worldbipolarday &amp; i salute our hero author @mauricebenard for his candor &amp; caring heart. he\xe2\x80\x99s bipolar. through his honesty so many are understanding life w this psychological disorder. his book nothing general about it drops nxt tuesday. it\xe2\x80\x99s the raw truth &amp; you\xe2\x80\x99ll love it! https://t.co/hnl6vhpvhz',lisasharkey,"[{'text': 'WorldBipolarDay', 'indices': [22, 38]}]",2020-04-01 02:30:18+00:00,119,245
